1|1|20;Rue ADMYRAULT;17000;LA ROCHELLE|20 Rue Admyrault, 17000 La Rochelle, France|46.159162|-1.154512
2|1|9;Rue ADOLPHE PRIVE;17000;LA ROCHELLE|9 Rue Adolphe Privé, 17000 La Rochelle, France|46.167822|-1.193701
3|1|22;Rue ALBERT 1ER;17000;LA ROCHELLE|22 Rue Albert 1er, 17000 La Rochelle, France|46.164530|-1.151577
4|1|20;Rue ALBERT 1ER;17000;LA ROCHELLE|20 Rue Albert 1er, 17000 La Rochelle, France|46.164115|-1.151754
5|1|29;Rue ALBERT 1ER;17000;LA ROCHELLE|29 Rue Albert 1er, 17000 La Rochelle, France|46.164615|-1.151676
6|1|4;Rue ALCIDE D'ORBIGNY;17000;LA ROCHELLE|4 Rue Alcide d'Orbigny, 17000 La Rochelle, France|46.164253|-1.148916
7|1|22;Rue ALCIDE D'ORBIGNY;17000;LA ROCHELLE|22 Rue Alcide d'Orbigny, 17000 La Rochelle, France|46.163941|-1.147354
8|1|51;Rue ALCIDE D'ORBIGNY;17000;LA ROCHELLE|51 Rue Alcide d'Orbigny, 17000 La Rochelle, France|46.163867|-1.147078
9|1|51;Rue ALCIDE D'ORBIGNY;17000;LA ROCHELLE|51 Rue Alcide d'Orbigny, 17000 La Rochelle, France|46.163867|-1.147078
10|1|17;Rue ALCIDE D'ORBIGNY;17000;LA ROCHELLE|17 Rue Alcide d'Orbigny, 17000 La Rochelle, France|46.164318|-1.149104
11|1|17;Rue ALCIDE D'ORBIGNY;17000;LA ROCHELLE|17 Rue Alcide d'Orbigny, 17000 La Rochelle, France|46.164318|-1.149104
15|1|4;Rue ALEXANDRE DUMAS;17000;LA ROCHELLE|4 Rue Alexandre Dumas, 17000 La Rochelle, France|46.167078|-1.189723
16|1|4;Rue ALEXANDRE DUMAS;17000;LA ROCHELLE|4 Rue Alexandre Dumas, 17000 La Rochelle, France|46.167078|-1.189723
17|1|6;Rue ALEXANDRE RIBOT;17000;LA ROCHELLE|6 Rue Alexandre Ribot, 17000 La Rochelle, France|46.145545|-1.147539
18|1|58;Rue ALPHONSE DE SAINTONGE;17000;LA ROCHELLE|58 Rue Alphonse de Saintonge, 17000 La Rochelle, France|46.162893|-1.200400
19|1|54;Rue ALPHONSE DE SAINTONGE;17000;LA ROCHELLE|54 Rue Alphonse de Saintonge, 17000 La Rochelle, France|46.163039|-1.200162
20|1|9;Rue ALFRED DE MUSSET;17000;LA ROCHELLE|9 Rue Alfred de Musset, 17000 La Rochelle, France|46.148601|-1.147473
21|1|66;Rue ALFRED KASTLER;17000;LA ROCHELLE|66 Rue Alfred Kastler, 17000 La Rochelle, France|46.139511|-1.157538
22|1|25;Rue ALFRED KASTLER;17000;LA ROCHELLE|25 Rue Alfred Kastler, 17000 La Rochelle, France|46.139567|-1.159546
23|1|62;Rue ALFRED KASTLER;17000;LA ROCHELLE|62 Rue Alfred Kastler, 17000 La Rochelle, France|46.139634|-1.158099
24|1|1;Rue ALFRED SISLEY;17000;LA ROCHELLE|Rue Alfred Sisley, 17000 La Rochelle, France|46.169978|-1.183559
37|1|46;Avenue AMERIGO VESPUCCI;17000;LA ROCHELLE|46 Avenue Amerigo Vespucci, 17000 La Rochelle, France|46.150453|-1.154769
38|1|11;Avenue DES AMERIQUES;17000;LA ROCHELLE|11 Avenue des Amériques, 17000 La Rochelle, France|46.152346|-1.154273
39|1|11;Avenue DES AMERIQUES;17000;LA ROCHELLE|11 Avenue des Amériques, 17000 La Rochelle, France|46.152346|-1.154273
40|1|51;Avenue DES AMERIQUES;17000;LA ROCHELLE|51 Avenue des Amériques, 17000 La Rochelle, France|46.148626|-1.154424
41|1|54;Avenue DES AMERIQUES;17000;LA ROCHELLE|54 Avenue des Amériques, 17000 La Rochelle, France|46.151449|-1.154345
42|1|28;Avenue DES AMERIQUES;17000;LA ROCHELLE|28 Avenue des Amériques, 17000 La Rochelle, France|46.151449|-1.154345
43|1|17;Rue AMIRAL DUPERRE;17000;LA ROCHELLE|17 Rue de l'Amiral Duperré, 17000 La Rochelle, France|46.167733|-1.198203
44|1|42 BIS;Rue AMIRAL DUPERRE;17000;LA ROCHELLE|42 Rue de l'Amiral Duperré, 17000 La Rochelle, France|46.165996|-1.199816
45|1|5;Rue AMOS BARBOT;17000;LA ROCHELLE|5 Rue Amos-Barbot, 17000 La Rochelle, France|46.164698|-1.148238
46|1|23;Rue AMOS BARBOT;17000;LA ROCHELLE|23 Rue Amos-Barbot, 17000 La Rochelle, France|46.165344|-1.148070
63|1|4;Rue ANGE JACQUES GABRIEL;17000;LA ROCHELLE|4 Rue Ange-Jacques Gabriel, 17000 La Rochelle, France|46.167142|-1.173957
64|1|2;Rue ANGE JACQUES GABRIEL;17000;LA ROCHELLE|2 Rue Ange-Jacques Gabriel, 17000 La Rochelle, France|46.167142|-1.173957
65|1|12;Rue ANGE JACQUES GABRIEL;17000;LA ROCHELLE|12 Rue Ange-Jacques Gabriel, 17000 La Rochelle, France|46.167653|-1.172272
66|1|14;Rue ANGE JACQUES GABRIEL;17000;LA ROCHELLE|14 Rue Ange-Jacques Gabriel, 17000 La Rochelle, France|46.167750|-1.171958
67|1|3;Square ANNETTE EPAUD;17000;LA ROCHELLE|3 Square Annette Epaud, 17000 La Rochelle, France|46.161251|-1.176852
68|1|1;Rue D'ANTIOCHE;17000;LA ROCHELLE|1 Rue d'Antioche, 17000 La Rochelle, France|46.161643|-1.217313
69|1|3;Rue ANTOINE WATTEAU;17000;LA ROCHELLE|3 Rue Antoine Watteau, 17000 La Rochelle, France|46.170086|-1.181864
70|1|24;Rue DE L'AQUEDUC;17000;LA ROCHELLE|24 Rue de l'Aqueduc, 17000 La Rochelle, France|46.171220|-1.147223
71|1|7;Rue DES ARDENNES;17000;LA ROCHELLE|7 Rue des Ardennes, 17000 La Rochelle, France|46.168877|-1.116274
72|1|23;Rue DES ARDENNES;17000;LA ROCHELLE|23 Rue des Ardennes, 17138 La Rochelle, France|46.169308|-1.118044
92|1|27;Rue ARTHUR RIMBAUD;17000;LA ROCHELLE|27 Rue Arthur Rimbaud, 17000 La Rochelle, France|46.152246|-1.135239
93|1|30;Rue ARTHUR RIMBAUD;17000;LA ROCHELLE|30 Rue Arthur Rimbaud, 17000 La Rochelle, France|46.152458|-1.136098
94|1|17;Rue ARTHUR RIMBAUD;17000;LA ROCHELLE|17 Rue Arthur Rimbaud, 17000 La Rochelle, France|46.152679|-1.136267
95|1|15;Avenue ARTHUR VERDIER;17000;LA ROCHELLE|15 Boulevard Arthur Verdier, 17000 La Rochelle, France|46.162241|-1.139303
96|1|15;Avenue ARTHUR VERDIER;17000;LA ROCHELLE|15 Boulevard Arthur Verdier, 17000 La Rochelle, France|46.162241|-1.139303
97|1|50;Rue DE L'ARTILLERIE;17000;LA ROCHELLE|50 Rue de l'Artillerie, 17000 La Rochelle, France|46.170642|-1.131952
98|1|7;Rue DE L'ARTILLERIE;17000;LA ROCHELLE|7 Rue de l'Artillerie, 17000 La Rochelle, France|46.171990|-1.135776
99|1|12;Rue DE L'ARTOIS;17000;LA ROCHELLE|12 Rue de l'Artois, 17000 La Rochelle, France|46.160431|-1.180747
100|1|14;Rue DE L'ARTOIS;17000;LA ROCHELLE|14 Rue de l'Artois, 17000 La Rochelle, France|46.160431|-1.180747
101|1|14;Rue DE L'ARTOIS;17000;LA ROCHELLE|14 Rue de l'Artois, 17000 La Rochelle, France|46.160431|-1.180747
120|1|4;Rue ALPHONSE BAUDIN;17000;LA ROCHELLE|4 Rue Alphonse Baudin, 17000 La Rochelle, France|46.152335|-1.127449
121|1|4;Rue ALPHONSE BAUDIN;17000;LA ROCHELLE|4 Rue Alphonse Baudin, 17000 La Rochelle, France|46.152335|-1.127449
122|1|7;Rue ALPHONSE BAUDIN;17000;LA ROCHELLE|7 Rue Alphonse Baudin, 17000 La Rochelle, France|46.151616|-1.127289
123|1|23;Rue ALPHONSE BAUDIN;17000;LA ROCHELLE|23 Rue Alphonse Baudin, 17000 La Rochelle, France|46.151270|-1.127295
124|1|4;Rue ALPHONSE BAUDIN;17000;LA ROCHELLE|4 Rue Alphonse Baudin, 17000 La Rochelle, France|46.152335|-1.127449
125|1|12;Rue ALPHONSE BAUDIN;17000;LA ROCHELLE|12 Rue Alphonse Baudin, 17000 La Rochelle, France|46.151268|-1.127436
126|1|11;Rue ALPHONSE BAUDIN;17000;LA ROCHELLE|11 Rue Alphonse Baudin, 17000 La Rochelle, France|46.151615|-1.127185
127|1|12;Rue ALPHONSE BAUDIN;17000;LA ROCHELLE|12 Rue Alphonse Baudin, 17000 La Rochelle, France|46.151268|-1.127436
128|1|7;Rue de BAZEILLES;17000;LA ROCHELLE|7 Rue de Bazeilles, 17000 La Rochelle, France|46.165802|-1.119271
129|1|71;Rue DE BEAUREGARD;17000;LA ROCHELLE|71 Rue de Beauregard, 17000 La Rochelle, France|46.171031|-1.137692
133|1|33;Rue BEL AIR;17000;LA ROCHELLE|33 Rue de Bel-air, 17000 La Rochelle, France|46.167522|-1.165293
134|1|35;Rue BEL AIR;17000;LA ROCHELLE|35 Rue de Bel-air, 17000 La Rochelle, France|46.167507|-1.165734
135|1|28;Avenue DE BELGRADE;17000;LA ROCHELLE|28 Avenue de Belgrade, 17000 La Rochelle, France|46.167167|-1.190713
136|1|26;Avenue DE BELGRADE;17000;LA ROCHELLE|26 Avenue de Belgrade, 17000 La Rochelle, France|46.167026|-1.189772
137|1|10;Rue DE LA BELLE DE MAI;17000;LA ROCHELLE|10 Rue de la Belle de Mai, 17000 La Rochelle, France|46.157593|-1.129800
138|1|10;Rue DE LA BELLE DE MAI;17000;LA ROCHELLE|10 Rue de la Belle de Mai, 17000 La Rochelle, France|46.157593|-1.129800
139|1|30;Rue DE LA BELETTE;17000;LA ROCHELLE|30 Rue de la Belette, 17000 La Rochelle, France|46.171879|-1.199286
140|1|17;Rue DE LA BELETTE;17000;LA ROCHELLE|17 Rue de la Belette, 17000 La Rochelle, France|46.171777|-1.199073
141|1|30;Rue DE LA BELETTE;17000;LA ROCHELLE|30 Rue de la Belette, 17000 La Rochelle, France|46.171879|-1.199286
142|1|17;Rue DE LA BELETTE;17000;LA ROCHELLE|17 Rue de la Belette, 17000 La Rochelle, France|46.171777|-1.199073
162|1|27;Avenue BILLAUD VARENNE;17000;LA ROCHELLE|27 Avenue Billaud Varenne, 17000 La Rochelle, France|46.151536|-1.118670
163|1|27;Avenue BILLAUD VARENNE;17000;LA ROCHELLE|27 Avenue Billaud Varenne, 17000 La Rochelle, France|46.151536|-1.118670
164|1|11;Avenue BILLAUD VARENNE;17000;LA ROCHELLE|11 Avenue Billaud Varenne, 17000 La Rochelle, France|46.152110|-1.122546
165|1|11;Avenue BILLAUD VARENNE;17000;LA ROCHELLE|11 Avenue Billaud Varenne, 17000 La Rochelle, France|46.152110|-1.122546
166|1|11;Avenue BILLAUD VARENNE;17000;LA ROCHELLE|11 Avenue Billaud Varenne, 17000 La Rochelle, France|46.152110|-1.122546
167|1|33;Avenue BILLAUD VARENNE;17000;LA ROCHELLE|33 Avenue Billaud Varenne, 17000 La Rochelle, France|46.151471|-1.117458
168|1|15;Avenue BILLAUD VARENNE;17000;LA ROCHELLE|15 Avenue Billaud Varenne, 17000 La Rochelle, France|46.152020|-1.121117
169|1|19;Avenue BILLAUD VARENNE;17000;LA ROCHELLE|19 Avenue Billaud Varenne, 17000 La Rochelle, France|46.151775|-1.119486
170|1|15;Avenue BILLAUD VARENNE;17000;LA ROCHELLE|15 Avenue Billaud Varenne, 17000 La Rochelle, France|46.152020|-1.121117
171|1|13;Avenue BILLAUD VARENNE;17000;LA ROCHELLE|13 Avenue Billaud Varenne, 17000 La Rochelle, France|46.151979|-1.121354
188|1|49;Rue BRAILLE;17000;LA ROCHELLE|49 Rue Braille, 17000 La Rochelle, France|46.170574|-1.165579
189|1|5 BIS;Rue BRAILLE;17000;LA ROCHELLE|5 Rue Braille, 17000 La Rochelle, France|46.169352|-1.169341
190|1|28;Rue BRAILLE;17000;LA ROCHELLE|28 Rue Braille, 17000 La Rochelle, France|46.170134|-1.167157
191|1|28;Rue BRAILLE;17000;LA ROCHELLE|28 Rue Braille, 17000 La Rochelle, France|46.170134|-1.167157
192|1|73;Rue BRAILLE;17000;LA ROCHELLE|73 Rue Braille, 17000 La Rochelle, France|46.170536|-1.165021
193|1|45;Rue BRAILLE;17000;LA ROCHELLE|45 Rue Braille, 17000 La Rochelle, France|46.170499|-1.165904
194|1|28;Rue BRAILLE;17000;LA ROCHELLE|28 Rue Braille, 17000 La Rochelle, France|46.170134|-1.167157
195|1|11;Rue DES BRANDES;17000;LA ROCHELLE|11 Rue des Brandes, 17000 La Rochelle, France|46.168430|-1.160559
196|1|5;Rue BRETIGNIERE;17000;LA ROCHELLE|5 Rue Brétignière, 17000 La Rochelle, France|46.161853|-1.139090
197|1|2;Impasse DES BRISES;17000;LA ROCHELLE|2 Impasse des Brisés, 17000 La Rochelle, France|46.169605|-1.132259
220|1|33;Rue DE CALAIS;17000;LA ROCHELLE|33 Rue de Calais, 17000 La Rochelle, France|46.162704|-1.189208
221|1|12;Rue DE CALAIS;17000;LA ROCHELLE|12 Rue de Calais, 17000 La Rochelle, France|46.162914|-1.187404
222|1|4;Rue CAMILLE DESMOULINS;17000;LA ROCHELLE|4 Rue Camille Desmoulins, 17000 La Rochelle, France|46.151287|-1.119686
223|1|6;Rue CAMILLE DESMOULINS;17000;LA ROCHELLE|6 Rue Camille Desmoulins, 17000 La Rochelle, France|46.150821|-1.119847
224|1|12;Rue CAMILLE DESMOULINS;17000;LA ROCHELLE|12 Rue Camille Desmoulins, 17000 La Rochelle, France|46.150285|-1.119691
225|1|8;Rue CAMILLE DESMOULINS;17000;LA ROCHELLE|8 Rue Camille Desmoulins, 17000 La Rochelle, France|46.150505|-1.119622
226|1|4;Rue CAMILLE DESMOULINS;17000;LA ROCHELLE|4 Rue Camille Desmoulins, 17000 La Rochelle, France|46.151287|-1.119686
227|1|2;Rue CAMILLE DESMOULINS;17000;LA ROCHELLE|2 Rue Camille Desmoulins, 17000 La Rochelle, France|46.151753|-1.119522
228|1|12;Rue CAMILLE DESMOULINS;17000;LA ROCHELLE|12 Rue Camille Desmoulins, 17000 La Rochelle, France|46.150285|-1.119691
229|1|4;Rue CAMILLE DESMOULINS;17000;LA ROCHELLE|4 Rue Camille Desmoulins, 17000 La Rochelle, France|46.151287|-1.119686
255|1|180;Avenue CARNOT;17000;LA ROCHELLE|180 Avenue Carnot, 17000 La Rochelle, France|46.164696|-1.179416
256|1|237;Avenue CARNOT;17000;LA ROCHELLE|237 Avenue Carnot, 17000 La Rochelle, France|46.164644|-1.183001
257|1|176;Avenue CARNOT;17000;LA ROCHELLE|176 Avenue Carnot, 17000 La Rochelle, France|46.164629|-1.178998
258|1|199;Avenue CARNOT;17000;LA ROCHELLE|199 Avenue Carnot, 17000 La Rochelle, France|46.164504|-1.180060
259|1|237;Avenue CARNOT;17000;LA ROCHELLE|237 Avenue Carnot, 17000 La Rochelle, France|46.164644|-1.183001
260|1|237;Avenue CARNOT;17000;LA ROCHELLE|237 Avenue Carnot, 17000 La Rochelle, France|46.164644|-1.183001
261|1|22;Rue CAVELIER DE LA SALLE;17000;LA ROCHELLE|22 Rue Cavelier de la Salle, 17000 La Rochelle, France|46.162685|-1.212825
262|1|19;Rue LE CERF VOLANT;17000;LA ROCHELLE|19 Rue du Cerf-Volant, 17000 La Rochelle, France|46.151303|-1.155142
263|1|38;Rue LE CERF VOLANT;17000;LA ROCHELLE|38 Rue du Cerf-Volant, 17000 La Rochelle, France|46.151062|-1.156834
264|1|34;Avenue DU CHAMP DE MARS;17000;LA ROCHELLE|34 Avenue du Champ de Mars, 17000 La Rochelle, France|46.169404|-1.148350
286|1|4;Rue CHAUDRIER;17000;LA ROCHELLE|4 Rue Chaudrier, 17000 La Rochelle, France|46.160404|-1.153358
287|1|9;Rue DU CHEMIN VERT;17000;LA ROCHELLE|9 Rue du Chemin Vert, 17000 La Rochelle, France|46.165589|-1.140390
288|1|9;Rue DU CHEMIN VERT;17000;LA ROCHELLE|9 Rue du Chemin Vert, 17000 La Rochelle, France|46.165589|-1.140390
289|1|34;Chemin DES CHIRONS LONGS;17000;LA ROCHELLE|34 Chemin des Chirons Longs, 17000 La Rochelle, France|46.164707|-1.205372
290|1|39;Chemin DES CHIRONS LONGS;17000;LA ROCHELLE|39 Chemin des Chirons Longs, 17000 La Rochelle, France|46.164691|-1.205999
291|1|34;Chemin DES CHIRONS LONGS;17000;LA ROCHELLE|34 Chemin des Chirons Longs, 17000 La Rochelle, France|46.164707|-1.205372
292|1|33;Chemin DES CHIRONS LONGS;17000;LA ROCHELLE|33 Chemin des Chirons Longs, 17000 La Rochelle, France|46.164681|-1.205393
293|1|33;Chemin DES CHIRONS LONGS;17000;LA ROCHELLE|33 Chemin des Chirons Longs, 17000 La Rochelle, France|46.164681|-1.205393
294|1|30;Chemin DES CHIRONS LONGS;17000;LA ROCHELLE|30 Chemin des Chirons Longs, 17000 La Rochelle, France|46.164707|-1.205372
295|1|35;Chemin DES CHIRONS LONGS;17000;LA ROCHELLE|35 Chemin des Chirons Longs, 17000 La Rochelle, France|46.164681|-1.205393
316|1|32;Rue CLAUDE MASSE;17000;LA ROCHELLE|32 Rue Claude Masse, 17000 La Rochelle, France|46.165674|-1.159568
317|1|4 BIS;Rue CLEMENT ADER;17000;LA ROCHELLE|4 Rue Clément Ader, 17000 La Rochelle, France|46.145993|-1.146762
318|1|1;Rue CLEMENT MAROT;17000;LA ROCHELLE|1 Rue Clément Marot, 17000 La Rochelle, France|46.165600|-1.141016
319|1|36;Rue DES CLOUTIERS;17000;LA ROCHELLE|36 Rue des Cloutiers, 17000 La Rochelle, France|46.162911|-1.148320
320|1|2;Rue DES CLOUTIERS;17000;LA ROCHELLE|2 Rue des Cloutiers, 17000 La Rochelle, France|46.161965|-1.149106
321|1|7;Rue DES CLOUTIERS;17000;LA ROCHELLE|7 Rue des Cloutiers, 17000 La Rochelle, France|46.162385|-1.148842
322|1|18;Rue DES CLOUTIERS;17000;LA ROCHELLE|18 Rue des Cloutiers, 17000 La Rochelle, France|46.162468|-1.148695
323|1|30;Boulevard DE COGNEHORS;17000;LA ROCHELLE|30 Boulevard de Cognehors, 17000 La Rochelle, France|46.166693|-1.137825
324|1|4;Boulevard DE COGNEHORS;17000;LA ROCHELLE|4 Boulevard de Cognehors, 17000 La Rochelle, France|46.167273|-1.139919
325|1|91;Avenue COLIGNY;17000;LA ROCHELLE|91 Avenue Coligny, 17000 La Rochelle, France|46.160818|-1.165558
351|1|46;Avenue DES CORDELIERS;17000;LA ROCHELLE|46 Avenue des Cordeliers, 17000 La Rochelle, France|46.164796|-1.143396
352|1|52;Avenue DES CORDELIERS;17000;LA ROCHELLE|52 Avenue des Cordeliers, 17000 La Rochelle, France|46.164946|-1.143220
353|1|15;Avenue DES CORDELIERS;17000;LA ROCHELLE|15 Avenue des Cordeliers, 17000 La Rochelle, France|46.163553|-1.145141
354|1|21;Avenue DES CORDELIERS;17000;LA ROCHELLE|21 Avenue des Cordeliers, 17000 La Rochelle, France|46.163674|-1.144949
355|1|73;Avenue DES CORDELIERS;17000;LA ROCHELLE|73 Avenue des Cordeliers, 17000 La Rochelle, France|46.167084|-1.140590
356|1|46;Avenue DES CORDELIERS;17000;LA ROCHELLE|46 Avenue des Cordeliers, 17000 La Rochelle, France|46.164796|-1.143396
357|1|21;Avenue DES CORDELIERS;17000;LA ROCHELLE|21 Avenue des Cordeliers, 17000 La Rochelle, France|46.163674|-1.144949
358|1|;Place DES CORDELIERS;17000;LA ROCHELLE|Place des Cordeliers, 17000 La Rochelle, France|46.163058|-1.146001
359|1|21;Rue DES CORDERIES;17000;LA ROCHELLE|21 Rue des Corderies, 17000 La Rochelle, France|46.161764|-1.143415
360|1|7 BIS;Rue DU CORDOUAN;17000;LA ROCHELLE|7 Rue du Cordouan, 17000 La Rochelle, France|46.162903|-1.149366
383|1|42;Cours DAME HILAIRE;17000;LA ROCHELLE|42 Cours Dame Hilaire, 17000 La Rochelle, France|46.167298|-1.177657
384|1|38;Cours DAME HILAIRE;17000;LA ROCHELLE|38 Cours Dame Hilaire, 17000 La Rochelle, France|46.167400|-1.177132
385|1|8;Cours DAME HILAIRE;17000;LA ROCHELLE|8 Cours Dame Hilaire, 17000 La Rochelle, France|46.168450|-1.173793
386|1|6;Cours DAME HILAIRE;17000;LA ROCHELLE|6 Cours Dame Hilaire, 17000 La Rochelle, France|46.168519|-1.173571
387|1|34;Cours DAME HILAIRE;17000;LA ROCHELLE|34 Cours Dame Hilaire, 17000 La Rochelle, France|46.167521|-1.176739
388|1|34;Cours DAME HILAIRE;17000;LA ROCHELLE|34 Cours Dame Hilaire, 17000 La Rochelle, France|46.167521|-1.176739
389|1|32;Cours DAME HILAIRE;17000;LA ROCHELLE|32 Cours Dame Hilaire, 17000 La Rochelle, France|46.167579|-1.176552
390|1|30;Cours DAME HILAIRE;17000;LA ROCHELLE|30 Cours Dame Hilaire, 17000 La Rochelle, France|46.167648|-1.176335
391|1|38;Cours DAME HILAIRE;17000;LA ROCHELLE|38 Cours Dame Hilaire, 17000 La Rochelle, France|46.167400|-1.177132
392|1|18;Cours DAME HILAIRE;17000;LA ROCHELLE|18 Cours Dame Hilaire, 17000 La Rochelle, France|46.168073|-1.174972
421|1|18;Rue DELAYANT;17000;LA ROCHELLE|18 Rue Delayant, 17000 La Rochelle, France|46.164519|-1.154060
422|1|7;Rue DELAYANT;17000;LA ROCHELLE|7 Rue Delayant, 17000 La Rochelle, France|46.164392|-1.152927
423|1|27;Rue DELIBES;17000;LA ROCHELLE|27 Rue Delibes, 17000 La Rochelle, France|46.162889|-1.132014
424|1|283;Avenue DENFERT ROCHEREAU;17000;LA ROCHELLE|283 Avenue Denfert-Rochereau, 17000 La Rochelle, France|46.163622|-1.212202
425|1|125;Avenue DENFERT ROCHEREAU;17000;LA ROCHELLE|125 Avenue Denfert-Rochereau, 17000 La Rochelle, France|46.164499|-1.198910
426|1|277;Avenue DENFERT ROCHEREAU;17000;LA ROCHELLE|277 Avenue Denfert-Rochereau, 17000 La Rochelle, France|46.163652|-1.211778
427|1|66;Avenue DENFERT ROCHEREAU;17000;LA ROCHELLE|66 Avenue Denfert-Rochereau, 17000 La Rochelle, France|46.165227|-1.192039
428|1|221 BIS;Avenue DENFERT ROCHEREAU;17000;LA ROCHELLE|221 Avenue Denfert-Rochereau, 17000 La Rochelle, France|46.163901|-1.207890
429|1|171;Avenue DENFERT ROCHEREAU;17000;LA ROCHELLE|171 Avenue Denfert-Rochereau, 17000 La Rochelle, France|46.164132|-1.204305
430|1|49;Avenue DENFERT ROCHEREAU;17000;LA ROCHELLE|49 Avenue Denfert-Rochereau, 17000 La Rochelle, France|46.165241|-1.191674
459|1|7;Rue DOCTEUR JAMOT;17000;LA ROCHELLE|7 Rue Docteur Jamot, 17000 La Rochelle, France|46.167073|-1.160139
460|1|2;Rue DOCTEUR ROUX;17000;LA ROCHELLE|2 Rue du Docteur Roux, 17000 La Rochelle, France|46.168719|-1.166054
461|1|5;Rue DU DOCTEUR ROGER TAVERA;17000;LA ROCHELLE|5 Rue du Docteur Roger Tavera, 17000 La Rochelle, France|46.147357|-1.148303
462|1|6;Rue DU DOCTEUR ROGER TAVERA;17000;LA ROCHELLE|6 Rue du Docteur Roger Tavera, 17000 La Rochelle, France|46.147102|-1.148323
463|1|19;Rue DU DOCTEUR ROGER TAVERA;17000;LA ROCHELLE|19 Rue du Docteur Roger Tavera, 17000 La Rochelle, France|46.147596|-1.146836
464|1|15;Rue DU DOCTEUR ROGER TAVERA;17000;LA ROCHELLE|15 Rue du Docteur Roger Tavera, 17000 La Rochelle, France|46.146979|-1.146833
465|1|15;Rue DU DOCTEUR ROGER TAVERA;17000;LA ROCHELLE|15 Rue du Docteur Roger Tavera, 17000 La Rochelle, France|46.146979|-1.146833
466|1|15;Rue DU DOCTEUR ROGER TAVERA;17000;LA ROCHELLE|15 Rue du Docteur Roger Tavera, 17000 La Rochelle, France|46.146979|-1.146833
467|1|6;Rue DU DOCTEUR ROGER TAVERA;17000;LA ROCHELLE|6 Rue du Docteur Roger Tavera, 17000 La Rochelle, France|46.147102|-1.148323
468|1|26;Rue DE DOMPIERRE;17000;LA ROCHELLE|26 Rue de Dompierre, 17000 La Rochelle, France|46.163895|-1.137602
492|1|31;Rue DES EGLANTIERS;17000;LA ROCHELLE|31 Rue des Églantiers, 17000 La Rochelle, France|46.169179|-1.121656
493|1|21;Rue DES EGLANTIERS;17000;LA ROCHELLE|21 Rue des Églantiers, 17000 La Rochelle, France|46.169279|-1.122992
494|1|12;Rue DE L'EGLISE;17000;LA ROCHELLE|12 Rue de l'Église, 17000 La Rochelle, France|46.170418|-1.201765
495|1|9;Rue ELISABETH TIBLE;17000;LA ROCHELLE|9 Rue Élisabeth Tible, 17000 La Rochelle, France|46.166632|-1.126494
496|1|6;Rue EMILE COUNEAU;17000;LA ROCHELLE|6 Rue Emile Couneau, 17000 La Rochelle, France|46.150113|-1.146632
497|1|33;Rue EMILE COUNEAU;17000;LA ROCHELLE|33 Rue Emile Couneau, 17000 La Rochelle, France|46.148762|-1.148484
498|1|17;Rue EMILE COUNEAU;17000;LA ROCHELLE|17 Rue Emile Couneau, 17000 La Rochelle, France|46.149636|-1.147330
499|1|10;Boulevard EMILE DELMAS;17000;LA ROCHELLE|10 Boulevard Emile Delmas, 17000 La Rochelle, France|46.161359|-1.208789
500|1|294;Boulevard EMILE DELMAS;17000;LA ROCHELLE|294 Boulevard Emile Delmas, 17000 La Rochelle, France|46.160886|-1.222073
525|1|46 BIS;Rue DE L'ERMITAGE;17000;LA ROCHELLE|46 Rue de l'Ermitage, 17000 La Rochelle, France|46.174074|-1.151444
526|1|24;Rue DE L'ERMITAGE;17000;LA ROCHELLE|24 Rue de l'Ermitage, 17000 La Rochelle, France|46.172829|-1.152114
527|1|5;Rue DE L'ERMITAGE;17000;LA ROCHELLE|5 Rue de l'Ermitage, 17000 La Rochelle, France|46.171829|-1.153534
528|1|57;Rue DE L'ERMITAGE;17000;LA ROCHELLE|57 Rue de l'Ermitage, 17000 La Rochelle, France|46.174365|-1.151333
529|1|22;Rue DE L'ERMITAGE;17000;LA ROCHELLE|22 Rue de l'Ermitage, 17000 La Rochelle, France|46.172703|-1.152239
530|1|3;Rue ERNEST MEISSONNIER;17000;LA ROCHELLE|3 Rue Ernest Meissonier, 17000 La Rochelle, France|46.169918|-1.178248
531|1|5;Rue ERNEST MEISSONNIER;17000;LA ROCHELLE|5 Rue Ernest Meissonier, 17000 La Rochelle, France|46.169930|-1.178418
532|1|5;Rue ERNEST MEISSONNIER;17000;LA ROCHELLE|5 Rue Ernest Meissonier, 17000 La Rochelle, France|46.169930|-1.178418
533|1|3 BIS;Rue ERNEST MEISSONNIER;17000;LA ROCHELLE|3 Rue Ernest Meissonier, 17000 La Rochelle, France|46.169918|-1.178248
534|1|5;Rue ERNEST MEISSONNIER;17000;LA ROCHELLE|5 Rue Ernest Meissonier, 17000 La Rochelle, France|46.169930|-1.178418
554|1|3;Rue EUGENE LABICHE;17000;LA ROCHELLE|3 Rue Eugène Labiche, 17000 La Rochelle, France|46.168236|-1.187216
555|1|42;Place DE L'EUROPE;17000;LA ROCHELLE|42 Place de l'Europe, 17000 La Rochelle, France|46.166140|-1.178807
556|1|26;Place DE L'EUROPE;17000;LA ROCHELLE|26 Place de l'Europe, 17000 La Rochelle, France|46.166384|-1.179985
557|1|30;Place DE L'EUROPE;17000;LA ROCHELLE|30 Place de l'Europe, 17000 La Rochelle, France|46.166230|-1.179787
558|1|16;Place DE L'EUROPE;17000;LA ROCHELLE|16 Place de l'Europe, 17000 La Rochelle, France|46.166945|-1.179803
559|1|34;Place DE L'EUROPE;17000;LA ROCHELLE|34 Place de l'Europe, 17000 La Rochelle, France|46.166200|-1.179460
560|1|42;Place DE L'EUROPE;17000;LA ROCHELLE|42 Place de l'Europe, 17000 La Rochelle, France|46.166140|-1.178807
561|1|20;Place DE L'EUROPE;17000;LA ROCHELLE|20 Place de l'Europe, 17000 La Rochelle, France|46.166723|-1.179915
562|1|18;Place DE L'EUROPE;17000;LA ROCHELLE|18 Place de l'Europe, 17000 La Rochelle, France|46.166836|-1.179892
563|1|42;Place DE L'EUROPE;17000;LA ROCHELLE|42 Place de l'Europe, 17000 La Rochelle, France|46.166140|-1.178807
588|1|22;Rue DE LA FILATURE;17000;LA ROCHELLE|22 Rue de la Filature, 17000 La Rochelle, France|46.162203|-1.208505
589|1|18;Rue DE LA FILATURE;17000;LA ROCHELLE|18 Rue de la Filature, 17000 La Rochelle, France|46.161851|-1.208483
590|1|16;Rue DE LA FILATURE;17000;LA ROCHELLE|16 Rue de la Filature, 17000 La Rochelle, France|46.161810|-1.208733
591|1|1;Rue DE LA FILATURE;17000;LA ROCHELLE|1 Rue de la Filature, 17000 La Rochelle, France|46.161759|-1.210464
592|1|3;Rue DES FLEURS;17000;LA ROCHELLE|3 Rue des Fleurs, 17000 La Rochelle, France|46.165770|-1.139312
593|1|22;Rue DES FONDERIES;17000;LA ROCHELLE|22 Rue des Fonderies, 17000 La Rochelle, France|46.159976|-1.146541
594|1|33 BIS;Rue DES FONDERIES;17000;LA ROCHELLE|33 Rue des Fonderies, 17000 La Rochelle, France|46.162265|-1.145756
595|1|31;Rue DES FONDERIES;17000;LA ROCHELLE|31 Rue des Fonderies, 17000 La Rochelle, France|46.162172|-1.145789
596|1|17;Rue FORAN;17000;LA ROCHELLE|17 Rue Foran, 17000 La Rochelle, France|46.167938|-1.199367
597|1|5;Rue FRANCHE COMTE;17000;LA ROCHELLE|5 Rue de Franche-Comté, 17000 La Rochelle, France|46.157334|-1.183264
619|1|4;Rue DES FRERES LUMIERE;17000;LA ROCHELLE|4 Rue des Frères Lumière, 17000 La Rochelle, France|46.159105|-1.178856
620|1|2;Rue DES FRERES LUMIERE;17000;LA ROCHELLE|2 Rue des Frères Lumière, 17000 La Rochelle, France|46.159105|-1.178856
621|1|17;Quai DU GABUT;17000;LA ROCHELLE|17 Quai du Gabut, 17000 La Rochelle, France|46.155856|-1.150456
622|1|67;Rue GAMBETTA;17000;LA ROCHELLE|67 Rue Gambetta, 17000 La Rochelle, France|46.161668|-1.145497
623|1|93;Rue GAMBETTA;17000;LA ROCHELLE|93 Rue Gambetta, 17000 La Rochelle, France|46.161911|-1.144277
624|1|53;Rue GAMBETTA;17000;LA ROCHELLE|53 Rue Gambetta, 17000 La Rochelle, France|46.161776|-1.146880
625|1|22;Rue GAMBETTA;17000;LA ROCHELLE|22 Rue Gambetta, 17000 La Rochelle, France|46.161783|-1.147573
626|1|67;Rue GAMBETTA;17000;LA ROCHELLE|67 Rue Gambetta, 17000 La Rochelle, France|46.161668|-1.145497
627|1|67;Rue GAMBETTA;17000;LA ROCHELLE|67 Rue Gambetta, 17000 La Rochelle, France|46.161668|-1.145497
628|1|1;Rue GARGOULLEAU;17000;LA ROCHELLE|1 Rue Gargoulleau, 17000 La Rochelle, France|46.161757|-1.149985
642|1|9;Rue DU GENERAL DUMONT;17000;LA ROCHELLE|9 Rue du Général Dumont, 17000 La Rochelle, France|46.159489|-1.173443
643|1|;Avenue DU GENERAL DE GAULLE;17000;LA ROCHELLE|Avenue du Général de Gaulle, 17000 La Rochelle, France|46.154192|-1.147261
644|1|13;Avenue DU GENERAL DE GAULLE;17000;LA ROCHELLE|13 Avenue du Général de Gaulle, 17000 La Rochelle, France|46.155177|-1.148449
645|1|22 D;Avenue DU GENERAL DE GAULLE;17000;LA ROCHELLE|22 Avenue du Général de Gaulle, 17000 La Rochelle, France|46.153827|-1.146977
646|1|1;Rue GENERAL GUILLAUMAT;17000;LA ROCHELLE|1 Rue du Général Guillaumat, 17000 La Rochelle, France|46.163291|-1.182082
647|1|17;Avenue GENERAL LECLERC;17000;LA ROCHELLE|17 Avenue du Général Leclerc, 17000 La Rochelle, France|46.162616|-1.160420
648|1|23;Avenue GENERAL LECLERC;17000;LA ROCHELLE|23 Avenue du Général Leclerc, 17000 La Rochelle, France|46.162570|-1.161114
649|1|23;Avenue GENERAL LECLERC;17000;LA ROCHELLE|23 Avenue du Général Leclerc, 17000 La Rochelle, France|46.162570|-1.161114
650|1|38;Avenue GENERAL LECLERC;17000;LA ROCHELLE|38 Avenue du Général Leclerc, 17000 La Rochelle, France|46.163067|-1.164508
651|1|23 TER;Avenue GENERAL LECLERC;17000;LA ROCHELLE|23 Avenue du Général Leclerc, 17000 La Rochelle, France|46.162570|-1.161114
670|1|11;Rue DES GLAIEULS;17000;LA ROCHELLE|11 Rue des Glaieuls, 17000 La Rochelle, France|46.168795|-1.125377
671|1|29;Rue LA GLOIRE;17000;LA ROCHELLE|29 Rue de la Gloire, 17000 La Rochelle, France|46.139604|-1.170413
673|1|160;Rue DES GONTHIERES;17000;LA ROCHELLE|160 Rue des Gonthières, 17000 La Rochelle, France|46.178827|-1.146126
674|1|108/;Rue DES GONTHIERES;17000;LA ROCHELLE|108 Rue des Gonthières, 17000 La Rochelle, France|46.176742|-1.152850
675|1|38;Avenue DES GRANDES VARENNES;17000;LA ROCHELLE|38 Avenue des Grandes Varennes, 17000 La Rochelle, France|46.170810|-1.177116
676|1|12;Avenue DES GRANDES VARENNES;17000;LA ROCHELLE|12 Avenue des Grandes Varennes, 17000 La Rochelle, France|46.168021|-1.177628
677|1|12;Avenue DES GRANDES VARENNES;17000;LA ROCHELLE|12 Avenue des Grandes Varennes, 17000 La Rochelle, France|46.168021|-1.177628
678|1|10;Avenue DES GRANDES VARENNES;17000;LA ROCHELLE|10 Avenue des Grandes Varennes, 17000 La Rochelle, France|46.167779|-1.177639
679|1|10;Avenue DES GRANDES VARENNES;17000;LA ROCHELLE|10 Avenue des Grandes Varennes, 17000 La Rochelle, France|46.167779|-1.177639
698|1|7;Rue DES GRENADINES;17000;LA ROCHELLE|7 Rue des Grenadines, 17000 La Rochelle, France|46.166041|-1.203817
699|1|1;Rue DES GRENADINES;17000;LA ROCHELLE|1 Rue des Grenadines, 17000 La Rochelle, France|46.164892|-1.203420
700|1|1;Rue DES GRENADINES;17000;LA ROCHELLE|1 Rue des Grenadines, 17000 La Rochelle, France|46.164892|-1.203420
701|1|8;Rue DES GRENADINES;17000;LA ROCHELLE|8 Rue des Grenadines, 17000 La Rochelle, France|46.165782|-1.203539
702|1|8;Rue DES GRENADINES;17000;LA ROCHELLE|8 Rue des Grenadines, 17000 La Rochelle, France|46.165782|-1.203539
703|1|8;Rue DE LA GRILLE;17000;LA ROCHELLE|8 Rue de la Grille, 17000 La Rochelle, France|46.159695|-1.150718
704|1|5;Square DES GRIVES;17000;LA ROCHELLE|5 Square des Grives, 17000 La Rochelle, France|46.169347|-1.196490
705|1|25;Rue DU GUE;17000;LA ROCHELLE|25 Rue du Gué, 17000 La Rochelle, France|46.177563|-1.140858
706|1|25;Rue DU GUE;17000;LA ROCHELLE|25 Rue du Gué, 17000 La Rochelle, France|46.177563|-1.140858
707|1|31;Rue DE LA GUIGNETTE;17000;LA ROCHELLE|31 Rue de la Guignette, 17000 La Rochelle, France|46.153610|-1.145707
720|1|16 BIS;Rue HENRI CRESPIN;17000;LA ROCHELLE|16 Rue Henry Crespin, 17000 La Rochelle, France|46.164444|-1.209920
721|1|16 TER;Rue HENRI CRESPIN;17000;LA ROCHELLE|16 Rue Henry Crespin, 17000 La Rochelle, France|46.164444|-1.209920
722|1|27;Rue HENRI DESGRANGES;17000;LA ROCHELLE|27 Rue Henri Desgranges, 17000 La Rochelle, France|46.172489|-1.138906
723|1|55;Avenue HENRI HAUTIER;17000;LA ROCHELLE|55 Avenue Henri Hautier, 17000 La Rochelle, France|46.165245|-1.202646
724|1|59;Avenue HENRI HAUTIER;17000;LA ROCHELLE|59 Avenue Henri Hautier, 17000 La Rochelle, France|46.165976|-1.202683
725|1|59;Avenue HENRI HAUTIER;17000;LA ROCHELLE|59 Avenue Henri Hautier, 17000 La Rochelle, France|46.165976|-1.202683
726|1|55;Avenue HENRI HAUTIER;17000;LA ROCHELLE|55 Avenue Henri Hautier, 17000 La Rochelle, France|46.165245|-1.202646
727|1|55;Avenue HENRI HAUTIER;17000;LA ROCHELLE|55 Avenue Henri Hautier, 17000 La Rochelle, France|46.165245|-1.202646
728|1|32;Rue HENRI REGNAULT;17000;LA ROCHELLE|32 Rue Henri Regnault, 17000 La Rochelle, France|46.172800|-1.178261
729|1|37;Rue HENRI ROCHEFORT;17000;LA ROCHELLE|37 Rue Henri Rochefort, 17000 La Rochelle, France|46.155302|-1.132732
749|1|10;Rue JACQUES MONOD;17000;LA ROCHELLE|10 Rue Jacques Monod, 17000 La Rochelle, France|46.140729|-1.159361
750|1|10;Rue JACQUES MONOD;17000;LA ROCHELLE|10 Rue Jacques Monod, 17000 La Rochelle, France|46.140729|-1.159361
751|1|12;Rue JACQUES MONOD;17000;LA ROCHELLE|12 Rue Jacques Monod, 17000 La Rochelle, France|46.140809|-1.159003
752|1|8;Rue JACQUES MONOD;17000;LA ROCHELLE|8 Rue Jacques Monod, 17000 La Rochelle, France|46.140697|-1.159494
753|1|4;Rue JACQUES MONOD;17000;LA ROCHELLE|4 Rue Jacques Monod, 17000 La Rochelle, France|46.140180|-1.159883
754|1|4;Rue JACQUES MONOD;17000;LA ROCHELLE|4 Rue Jacques Monod, 17000 La Rochelle, France|46.140180|-1.159883
755|1|6;Rue JACQUES MONOD;17000;LA ROCHELLE|6 Rue Jacques Monod, 17000 La Rochelle, France|46.140395|-1.159581
756|1|6;Rue JEAN BAPTISTE CARPEAUX;17000;LA ROCHELLE|6 Rue Jean-Baptiste Carpeaux, 17000 La Rochelle, France|46.166768|-1.180880
757|1|4;Rue JEAN BAPTISTE CARPEAUX;17000;LA ROCHELLE|4 Rue Jean-Baptiste Carpeaux, 17000 La Rochelle, France|46.166813|-1.181318
758|1|4;Rue JEAN BAPTISTE CARPEAUX;17000;LA ROCHELLE|4 Rue Jean-Baptiste Carpeaux, 17000 La Rochelle, France|46.166813|-1.181318
759|1|2;Rue JEAN BAPTISTE CARPEAUX;17000;LA ROCHELLE|2 Rue Jean-Baptiste Carpeaux, 17000 La Rochelle, France|46.166859|-1.181756
760|1|;Impasse DES JARS;17000;LA ROCHELLE|Impasse des Jars, 17000 La Rochelle, France|46.149828|-1.144153
761|1|81;Rue DES JARS;17000;LA ROCHELLE|81 Rue des Jars, 17000 La Rochelle, France|46.147477|-1.142515
762|1|19 BIS;Rue DES JARS;17000;LA ROCHELLE|19 Rue des Jars, 17000 La Rochelle, France|46.149825|-1.144620
763|1|110;Rue DES JARS;17000;LA ROCHELLE|110 Rue des Jars, 17000 La Rochelle, France|46.146706|-1.142400
764|1|65;Rue DES JARS;17000;LA ROCHELLE|65 Rue des Jars, 17000 La Rochelle, France|46.148345|-1.143090
765|1|1;Rue JEAN BAPTISTE GREUZE;17000;LA ROCHELLE|1 Rue Jean-Baptiste Greuze, 17000 La Rochelle, France|46.168937|-1.173260
766|1|3;Rue JEAN BAPTISTE GREUZE;17000;LA ROCHELLE|3 Rue Jean-Baptiste Greuze, 17000 La Rochelle, France|46.169236|-1.172351
767|1|3;Rue JEAN BAPTISTE SAY;17000;LA ROCHELLE|3 Rue Jean-Baptiste Say, 17000 La Rochelle, France|46.153818|-1.127796
768|1|3;Rue JEAN BAPTISTE SAY;17000;LA ROCHELLE|3 Rue Jean-Baptiste Say, 17000 La Rochelle, France|46.153818|-1.127796
783|1|255 BIS;Avenue JEAN GUITON;17000;LA ROCHELLE|255 Avenue Jean Guiton, 17000 La Rochelle, France|46.161527|-1.179628
784|1|275;Avenue JEAN GUITON;17000;LA ROCHELLE|275 Avenue Jean Guiton, 17000 La Rochelle, France|46.161624|-1.180682
785|1|278;Avenue JEAN GUITON;17000;LA ROCHELLE|278 Avenue Jean Guiton, 17000 La Rochelle, France|46.161603|-1.182565
786|1|28;Avenue JEAN GUITON;17000;LA ROCHELLE|28 Avenue Jean Guiton, 17000 La Rochelle, France|46.159192|-1.162526
787|1|28;Avenue JEAN GUITON;17000;LA ROCHELLE|28 Avenue Jean Guiton, 17000 La Rochelle, France|46.159192|-1.162526
788|1|259;Avenue JEAN GUITON;17000;LA ROCHELLE|259 Avenue Jean Guiton, 17000 La Rochelle, France|46.161589|-1.179895
789|1|273;Avenue JEAN GUITON;17000;LA ROCHELLE|273 Avenue Jean Guiton, 17000 La Rochelle, France|46.161624|-1.180621
790|1|170;Avenue JEAN GUITON;17000;LA ROCHELLE|170 Avenue Jean Guiton, 17000 La Rochelle, France|46.161184|-1.175002
791|1|34;Avenue JEAN GUITON;17000;LA ROCHELLE|34 Avenue Jean Guiton, 17000 La Rochelle, France|46.159244|-1.162845
792|1|13;Rue JEAN HAY;17000;LA ROCHELLE|13 Rue Jean Hay, 17000 La Rochelle, France|46.168942|-1.133662
805|1|10;Rue JEAN PIERRE BLANCHARD;17000;LA ROCHELLE|10 Rue Jean-Pierre Blanchard, 17000 La Rochelle, France|46.166736|-1.125031
806|1|58;Rue JEANNE D'ALBRET;17000;LA ROCHELLE|58 Rue Jeanne d'Albret, 17000 La Rochelle, France|46.158896|-1.164445
807|1|14;Rue JEANNE D'ALBRET;17000;LA ROCHELLE|14 Rue Jeanne d'Albret, 17000 La Rochelle, France|46.157254|-1.163215
808|1|14;Rue JEANNE D'ALBRET;17000;LA ROCHELLE|14 Rue Jeanne d'Albret, 17000 La Rochelle, France|46.157254|-1.163215
809|1|2;Rue JEANNE JUGAN;17000;LA ROCHELLE|2 Rue Jeanne Jugan, 17000 La Rochelle, France|46.147104|-1.148319
810|1|9;Impasse DE JERICHO;17000;LA ROCHELLE|9 Impasse de Jericho, 17000 La Rochelle, France|46.165987|-1.161506
811|1|17;Rue DE JERICHO;17000;LA ROCHELLE|17 Rue de Jericho, 17000 La Rochelle, France|46.166218|-1.160758
812|1|4;Rue DE JERICHO;17000;LA ROCHELLE|4 Rue de Jericho, 17000 La Rochelle, France|46.166107|-1.160044
813|1|164;Boulevard JOFFRE;17000;LA ROCHELLE|164 Boulevard Joffre, 17000 La Rochelle, France|46.153412|-1.146030
814|1|118;Boulevard JOFFRE;17000;LA ROCHELLE|118 Boulevard Joffre, 17000 La Rochelle, France|46.155414|-1.143423
833|1|7;Rue JULES VALLES;17000;LA ROCHELLE|7 Rue Jules Vallès, 17000 La Rochelle, France|46.157379|-1.121896
834|1|31;Rue LA NOUE;17000;LA ROCHELLE|31 Rue de la Noue, 17000 La Rochelle, France|46.161284|-1.155458
835|1|31;Rue LA NOUE;17000;LA ROCHELLE|31 Rue de la Noue, 17000 La Rochelle, France|46.161284|-1.155458
836|1|31;Rue LA NOUE;17000;LA ROCHELLE|31 Rue de la Noue, 17000 La Rochelle, France|46.161284|-1.155458
837|1|4;Rue LACLOS;17000;LA ROCHELLE|4 Rue Laclos, 17000 La Rochelle, France|46.166232|-1.140924
838|1|4;Rue LACLOS;17000;LA ROCHELLE|4 Rue Laclos, 17000 La Rochelle, France|46.166232|-1.140924
839|1|4;Rue LACLOS;17000;LA ROCHELLE|4 Rue Laclos, 17000 La Rochelle, France|46.166232|-1.140924
840|1|9;Rue LAFAYETTE;17000;LA ROCHELLE|9 Rue la Fayette, 17000 La Rochelle, France|46.155759|-1.124897
841|1|23;Rue LALO;17000;LA ROCHELLE|23 Rue Lalo, 17000 La Rochelle, France|46.159549|-1.132591
842|1|5 BIS;Rue LAMARTINE;17000;LA ROCHELLE|5 Rue Lamartine, 17000 La Rochelle, France|46.166378|-1.139868
858|1|9;Rue LEDRU ROLLIN;17000;LA ROCHELLE|9 Rue Ledru-Rollin, 17000 La Rochelle, France|46.151936|-1.129116
859|1|10;Rue LEDRU ROLLIN;17000;LA ROCHELLE|10 Rue Ledru-Rollin, 17000 La Rochelle, France|46.151960|-1.129148
860|1|1;Rue LEDRU ROLLIN;17000;LA ROCHELLE|1 Rue Ledru-Rollin, 17000 La Rochelle, France|46.152833|-1.128387
861|1|9;Rue LEDRU ROLLIN;17000;LA ROCHELLE|9 Rue Ledru-Rollin, 17000 La Rochelle, France|46.151936|-1.129116
862|1|3;Rue LEDRU ROLLIN;17000;LA ROCHELLE|3 Rue Ledru-Rollin, 17000 La Rochelle, France|46.152536|-1.128490
863|1|3;Rue LEDRU ROLLIN;17000;LA ROCHELLE|3 Rue Ledru-Rollin, 17000 La Rochelle, France|46.152536|-1.128490
864|1|7;Rue LEDRU ROLLIN;17000;LA ROCHELLE|7 Rue Ledru-Rollin, 17000 La Rochelle, France|46.151941|-1.128686
865|1|9;Rue LEDRU ROLLIN;17000;LA ROCHELLE|9 Rue Ledru-Rollin, 17000 La Rochelle, France|46.151936|-1.129116
866|1|3;Rue LEDRU ROLLIN;17000;LA ROCHELLE|3 Rue Ledru-Rollin, 17000 La Rochelle, France|46.152536|-1.128490
867|1|11;Rue LEDRU ROLLIN;17000;LA ROCHELLE|11 Rue Ledru-Rollin, 17000 La Rochelle, France|46.151503|-1.128717
886|1|12 BIS;Rue LEONCE VIELJEUX;17000;LA ROCHELLE|12 Rue Léonce Vieljeux, 17000 La Rochelle, France|46.157819|-1.154896
887|1|5;Rue LEONCE VIELJEUX;17000;LA ROCHELLE|5 Rue Léonce Vieljeux, 17000 La Rochelle, France|46.157966|-1.153818
888|1|33;Avenue LEOPOLD ROBINET;17000;LA ROCHELLE|33 Avenue Léopold Robinet, 17000 La Rochelle, France|46.164526|-1.136902
889|1|46;Avenue LEOPOLD ROBINET;17000;LA ROCHELLE|46 Avenue Léopold Robinet, 17000 La Rochelle, France|46.165023|-1.136424
890|1|26 BIS;Rue DE L'HOUMEAU;17000;LA ROCHELLE|26 Rue de l'Houmeau, 17000 La Rochelle, France|46.171539|-1.199207
891|1|145;Avenue DU LIEUTENANT COLONEL BERNIE;17000;LA ROCHELLE|145 Avenue du Lieutenant-Colonel Bernier, 17000 La Rochelle, France|46.172492|-1.160341
892|1|135 BIS;Avenue DU LIEUTENANT COLONEL BERNIE;17000;LA ROCHELLE|135 Avenue du Lieutenant-Colonel Bernier, 17000 La Rochelle, France|46.171951|-1.159557
893|1|149;Avenue DU LIEUTENANT COLONEL BERNIE;17000;LA ROCHELLE|149 Avenue du Lieutenant-Colonel Bernier, 17000 La Rochelle, France|46.172728|-1.160647
894|1|182 BIS;Avenue DU LIEUTENANT COLONEL BERNIE;17000;LA ROCHELLE|182 Avenue du Lieutenant-Colonel Bernier, 17000 La Rochelle, France|46.172533|-1.160346
895|1|77 BIS;Avenue DU LIEUTENANT COLONEL BERNIE;17000;LA ROCHELLE|77 Avenue du Lieutenant-Colonel Bernier, 17000 La Rochelle, France|46.167989|-1.159062
909|1|1;Avenue LOUIS GUILLET;17000;LA ROCHELLE|1 Avenue Louis Guillet, 17000 La Rochelle, France|46.169224|-1.180289
910|1|11;Avenue LOUIS GUILLET;17000;LA ROCHELLE|11 Avenue Louis Guillet, 17000 La Rochelle, France|46.169536|-1.185091
911|1|1 BIS;Avenue LOUIS GUILLET;17000;LA ROCHELLE|1 Avenue Louis Guillet, 17000 La Rochelle, France|46.169224|-1.180289
912|1|7 bis;Avenue LOUIS GUILLET;17000;LA ROCHELLE|7 Avenue Louis Guillet, 17000 La Rochelle, France|46.169463|-1.182627
913|1|78;Rue LUCILE;17000;LA ROCHELLE|78 Rue Lucile, 17000 La Rochelle, France|46.139740|-1.168702
914|1|21;Rue LUCILE;17000;LA ROCHELLE|21 Rue Lucile, 17000 La Rochelle, France|46.139185|-1.166814
915|1|1;Rue LUCILE;17000;LA ROCHELLE|1 Rue Lucile, 17000 La Rochelle, France|46.139185|-1.166814
916|1|30;Avenue DE LUXEMBOURG;17000;LA ROCHELLE|30 Avenue du Luxembourg, 17000 La Rochelle, France|46.169306|-1.179168
917|1|30;Avenue DE LUXEMBOURG;17000;LA ROCHELLE|30 Avenue du Luxembourg, 17000 La Rochelle, France|46.169306|-1.179168
918|1|14;Avenue DE LUXEMBOURG;17000;LA ROCHELLE|14 Avenue du Luxembourg, 17000 La Rochelle, France|46.169219|-1.178336
941|1|23;Avenue MARECHAL JUIN;17000;LA ROCHELLE|23 Avenue du Maréchal Juin, 17000 La Rochelle, France|46.160465|-1.179367
942|1|23;Avenue MARECHAL JUIN;17000;LA ROCHELLE|23 Avenue du Maréchal Juin, 17000 La Rochelle, France|46.160465|-1.179367
943|1|;Avenue MARECHAL JUIN;17000;LA ROCHELLE|Avenue du Maréchal Juin, 17000 La Rochelle, France|46.157529|-1.180007
944|1|;Avenue MARECHAL JUIN;17000;LA ROCHELLE|Avenue du Maréchal Juin, 17000 La Rochelle, France|46.157529|-1.180007
945|1|8;Avenue MARECHAL JUIN;17000;LA ROCHELLE|8 Avenue du Maréchal Juin, 17000 La Rochelle, France|46.161490|-1.178996
946|1|8;Avenue MARECHAL JUIN;17000;LA ROCHELLE|8 Avenue du Maréchal Juin, 17000 La Rochelle, France|46.161490|-1.178996
947|1|18;Avenue MARECHAL JUIN;17000;LA ROCHELLE|18 Avenue du Maréchal Juin, 17000 La Rochelle, France|46.160171|-1.179492
948|1|28;Allée MARECHAL DE LATTRE;17000;LA ROCHELLE|28 Allée du Maréchal de Lattre de Tassigny, 17000 La Rochelle, France|46.157362|-1.184767
949|1|28;Allée MARECHAL DE LATTRE;17000;LA ROCHELLE|28 Allée du Maréchal de Lattre de Tassigny, 17000 La Rochelle, France|46.157362|-1.184767
950|1|30;Boulevard MARECHAL LYAUTEY;17000;LA ROCHELLE|30 Boulevard Maréchal Lyautey, 17000 La Rochelle, France|46.161572|-1.206087
975|1|64;Rue DES MERCIERS;17000;LA ROCHELLE|64 Rue des Merciers, 17000 La Rochelle, France|46.161406|-1.149766
976|1|17BIS;Rue DES MERCIERS;17000;LA ROCHELLE|17 Rue des Merciers, 17000 La Rochelle, France|46.160185|-1.150393
977|1|17BIS;Rue DES MERCIERS;17000;LA ROCHELLE|17 Rue des Merciers, 17000 La Rochelle, France|46.160185|-1.150393
978|1|8;Rue DES MERCIERS;17000;LA ROCHELLE|8 Rue des Merciers, 17000 La Rochelle, France|46.159794|-1.150601
979|1|29;Rue DES MERCIERS;17000;LA ROCHELLE|29 Rue des Merciers, 17000 La Rochelle, France|46.160487|-1.150259
980|1|38;Rue DES MERCIERS;17000;LA ROCHELLE|38 Rue des Merciers, 17000 La Rochelle, France|46.160586|-1.150177
981|1|12;Rue DES MERCIERS;17000;LA ROCHELLE|12 Rue des Merciers, 17000 La Rochelle, France|46.159886|-1.150516
982|1|2;Rue MERVAULT;17000;LA ROCHELLE|2 Rue Mervault, 17000 La Rochelle, France|46.162810|-1.150706
983|1|38;Rue MESCHINET DE RICHEMOND;17000;LA ROCHELLE|38 Rue Méschinet de Richemond, 17000 La Rochelle, France|46.162220|-1.186092
984|1|30;Avenue DE METZ;17000;LA ROCHELLE|30 Avenue de Metz, 17000 La Rochelle, France|46.164691|-1.159119
1007|1|1;Rue DE LA MONNAIE;17000;LA ROCHELLE|1 Rue de la Monnaie, 17000 La Rochelle, France|46.156314|-1.157305
1008|1|1;Rue DE LA MONNAIE;17000;LA ROCHELLE|1 Rue de la Monnaie, 17000 La Rochelle, France|46.156314|-1.157305
1009|1|1;Rue DE LA MONNAIE;17000;LA ROCHELLE|1 Rue de la Monnaie, 17000 La Rochelle, France|46.156314|-1.157305
1010|1|13;Rue MONTAIGNE;17000;LA ROCHELLE|13 Rue Montaigne, 17000 La Rochelle, France|46.151769|-1.152797
1011|1|66;Rue MONTMIRAIL;17000;LA ROCHELLE|66 Rue Montmirail, 17000 La Rochelle, France|46.159870|-1.171386
1012|1|45;Rue MONTMIRAIL;17000;LA ROCHELLE|45 Rue Montmirail, 17000 La Rochelle, France|46.159269|-1.169267
1013|1|29;Rue MONTMIRAIL;17000;LA ROCHELLE|29 Rue Montmirail, 17000 La Rochelle, France|46.158993|-1.168251
1014|1|29;Rue MONTMIRAIL;17000;LA ROCHELLE|29 Rue Montmirail, 17000 La Rochelle, France|46.158993|-1.168251
1015|1|5 BIS;Rue MONTMIRAIL;17000;LA ROCHELLE|5 Rue Montmirail, 17000 La Rochelle, France|46.158481|-1.166334
1016|1|15;Rue MONTMIRAIL;17000;LA ROCHELLE|15 Rue Montmirail, 17000 La Rochelle, France|46.158718|-1.167226
1041|1|54;Rue DE LA MUSE;17000;LA ROCHELLE|54 Rue de la Muse, 17000 La Rochelle, France|46.165275|-1.201517
1042|1|46;Rue DE LA MUSE;17000;LA ROCHELLE|46 Rue de la Muse, 17000 La Rochelle, France|46.165614|-1.201424
1043|1|119;Rue DE LA MUSE;17000;LA ROCHELLE|119 Rue de la Muse, 17000 La Rochelle, France|46.162031|-1.202396
1044|1|7;Rue DES MYOSOTIS;17000;LA ROCHELLE|7 Rue des Myosotis, 17000 La Rochelle, France|46.167150|-1.132726
1045|1|1;Rue DES MYOSOTIS;17000;LA ROCHELLE|1 Rue des Myosotis, 17000 La Rochelle, France|46.167353|-1.133366
1046|1|52;Rue NEW ROCHELLE;17000;LA ROCHELLE|52 Rue New Rochelle, 17000 La Rochelle, France|46.163282|-1.215994
1047|1|18;Place NEW ROCHELLE;17000;LA ROCHELLE|18 Rue New Rochelle, 17000 La Rochelle, France|46.161868|-1.215151
1048|1|3;Rue NIAMEY;17000;LA ROCHELLE|3 Rue Niamey, 17000 La Rochelle, France|46.164421|-1.199451
1049|1|7;Rue NICOLAS COUSTOU;17000;LA ROCHELLE|7 Rue Nicolas Coustou, 17000 La Rochelle, France|46.167481|-1.182734
1050|1|7;Rue NICOLAS COUSTOU;17000;LA ROCHELLE|7 Rue Nicolas Coustou, 17000 La Rochelle, France|46.167481|-1.182734
1072|1|2;Avenue D'OSLO;17000;LA ROCHELLE|2 Avenue d'Oslo, 17000 La Rochelle, France|46.171036|-1.183124
1073|1|2;Avenue D'OSLO;17000;LA ROCHELLE|2 Avenue d'Oslo, 17000 La Rochelle, France|46.171036|-1.183124
1074|1|2;Avenue D'OSLO;17000;LA ROCHELLE|2 Avenue d'Oslo, 17000 La Rochelle, France|46.171036|-1.183124
1075|1|2;Avenue D'OSLO;17000;LA ROCHELLE|2 Avenue d'Oslo, 17000 La Rochelle, France|46.171036|-1.183124
1076|1|12;Avenue D'OSLO;17000;LA ROCHELLE|12 Avenue d'Oslo, 17000 La Rochelle, France|46.171209|-1.184117
1077|1|17;Avenue D'OSLO;17000;LA ROCHELLE|17 Avenue d'Oslo, 17000 La Rochelle, France|46.171234|-1.184593
1078|1|2 BIS;Rue DE L'OUVRAGE A CORNES;17000;LA ROCHELLE|2 Rue de l'Ouvrage à Cornes, 17000 La Rochelle, France|46.156256|-1.146834
1079|1|45;Rue DU PALAIS;17000;LA ROCHELLE|45 Rue du Palais, 17000 La Rochelle, France|46.158992|-1.153783
1080|1|45;Rue DU PALAIS;17000;LA ROCHELLE|45 Rue du Palais, 17000 La Rochelle, France|46.158992|-1.153783
1081|1|17;Rue DU PARC;17000;LA ROCHELLE|17 Rue du Parc, 17000 La Rochelle, France|46.164847|-1.157748
1112|1|26;Rue PAUL YVON;17000;LA ROCHELLE|26 Rue Paul Yvon, 17000 La Rochelle, France|46.169166|-1.201225
1113|1|26;Rue PAUL YVON;17000;LA ROCHELLE|26 Rue Paul Yvon, 17000 La Rochelle, France|46.169166|-1.201225
1114|1|4;Impasse DE LA PEPINIERE;17000;LA ROCHELLE|4 Impasse de la Pépinière, 17000 La Rochelle, France|46.160719|-1.163439
1115|1|7 bis;Impasse DE LA PEPINIERE;17000;LA ROCHELLE|7 Impasse de la Pépinière, 17000 La Rochelle, France|46.160702|-1.163487
1116|1|32;Rue DE LA PEPINIERE;17000;LA ROCHELLE|32 Rue de la Pépinière, 17000 La Rochelle, France|46.160710|-1.164021
1117|1|2;Allée DU PERE SAINT HELIER;17000;LA ROCHELLE|2 Allée du Père Saint-Hélier, 17000 La Rochelle, France|46.147517|-1.147688
1118|1|2;Allée DU PERE SAINT HELIER;17000;LA ROCHELLE|2 Allée du Père Saint-Hélier, 17000 La Rochelle, France|46.147517|-1.147688
1119|1|169;Rue DE PERIGNY;17000;LA ROCHELLE|169 Rue de Périgny, 17000 La Rochelle, France|46.159774|-1.130875
1120|1|165;Rue DE PERIGNY;17000;LA ROCHELLE|165 Rue de Périgny, 17000 La Rochelle, France|46.159660|-1.131279
1121|1|169;Rue DE PERIGNY;17000;LA ROCHELLE|169 Rue de Périgny, 17000 La Rochelle, France|46.159774|-1.130875
1135|1|20;Rue PHILIPPE HARLE;17000;LA ROCHELLE|20 Rue Philippe Harle, 17000 La Rochelle, France|46.148973|-1.153557
1136|1|25;Rue PHILIPPE VINCENT;17000;LA ROCHELLE|25 Rue Philippe Vincent, 17000 La Rochelle, France|46.154054|-1.174282
1137|1|52;Rue PHILIPPE VINCENT;17000;LA ROCHELLE|52 Rue Philippe Vincent, 17000 La Rochelle, France|46.153957|-1.175191
1138|1|41;Rue PIERRE JOSEPH PROUDHON;17000;LA ROCHELLE|41 Avenue Pierre-Joseph Proudhon, 17000 La Rochelle, France|46.153715|-1.131505
1139|1|47;Rue PIERRE JOSEPH PROUDHON;17000;LA ROCHELLE|47 Avenue Pierre-Joseph Proudhon, 17000 La Rochelle, France|46.153412|-1.131607
1140|1|47;Rue PIERRE JOSEPH PROUDHON;17000;LA ROCHELLE|47 Avenue Pierre-Joseph Proudhon, 17000 La Rochelle, France|46.153412|-1.131607
1141|1|43;Rue PIERRE JOSEPH PROUDHON;17000;LA ROCHELLE|43 Avenue Pierre-Joseph Proudhon, 17000 La Rochelle, France|46.153614|-1.131539
1142|1|47;Rue PIERRE JOSEPH PROUDHON;17000;LA ROCHELLE|47 Avenue Pierre-Joseph Proudhon, 17000 La Rochelle, France|46.153412|-1.131607
1143|1|47;Rue PIERRE JOSEPH PROUDHON;17000;LA ROCHELLE|47 Avenue Pierre-Joseph Proudhon, 17000 La Rochelle, France|46.153412|-1.131607
1144|1|9;Rue PIERRE JOSEPH PROUDHON;17000;LA ROCHELLE|9 Avenue Pierre-Joseph Proudhon, 17000 La Rochelle, France|46.155850|-1.130791
1167|1|16;Square DES PIVERTS;17000;LA ROCHELLE|16 Square des Piverts, 17000 La Rochelle, France|46.170603|-1.197346
1168|1|16;Square DES PIVERTS;17000;LA ROCHELLE|16 Square des Piverts, 17000 La Rochelle, France|46.170603|-1.197346
1169|1|1;Impasse DES POISSONS;17000;LA ROCHELLE|1 Impasse des Poissons, 17000 La Rochelle, France|46.164102|-1.147389
1170|1|17;Square DU POITOU;17000;LA ROCHELLE|17 Square du Poitou, 17000 La Rochelle, France|46.159482|-1.184668
1171|1|20;Rue DU PONT DES SALINES;17000;LA ROCHELLE|20 Rue du Pont des Salines, 17000 La Rochelle, France|46.160057|-1.122605
1172|1|5;Rue DE LA PORTE NEUVE;17000;LA ROCHELLE|5 Avenue de la Porte Neuve, 17000 La Rochelle, France|46.160221|-1.156275
1173|1|5;Avenue DE LA PORTE ROYALE;17000;LA ROCHELLE|5 Avenue de la Porte Royale, 17000 La Rochelle, France|46.162246|-1.141975
1174|1|21;Rue DES PORTREAUX;17000;LA ROCHELLE|21 Rue des Portreaux, 17000 La Rochelle, France|46.165770|-1.206775
1175|1|3;Rue DU PRADO;17000;LA ROCHELLE|3 Rue du Prado, 17000 La Rochelle, France|46.159418|-1.128834
1176|1|3;Rue DU PRADO;17000;LA ROCHELLE|3 Rue du Prado, 17000 La Rochelle, France|46.159418|-1.128834
1193|1|17;Avenue DU QUATORZE JUILLET;17000;LA ROCHELLE|17 Avenue du 14 Juillet, 17000 La Rochelle, France|46.152821|-1.126338
1194|1|23;Avenue DU QUATORZE JUILLET;17000;LA ROCHELLE|23 Avenue du 14 Juillet, 17000 La Rochelle, France|46.152224|-1.124906
1195|1|23;Avenue DU QUATORZE JUILLET;17000;LA ROCHELLE|23 Avenue du 14 Juillet, 17000 La Rochelle, France|46.152224|-1.124906
1196|1|3;Avenue DU QUATORZE JUILLET;17000;LA ROCHELLE|3 Avenue du 14 Juillet, 17000 La Rochelle, France|46.153639|-1.129787
1197|1|17;Avenue DU QUATORZE JUILLET;17000;LA ROCHELLE|17 Avenue du 14 Juillet, 17000 La Rochelle, France|46.152821|-1.126338
1198|1|3;Avenue DU QUATORZE JUILLET;17000;LA ROCHELLE|3 Avenue du 14 Juillet, 17000 La Rochelle, France|46.153639|-1.129787
1199|1|1;Avenue DU QUATORZE JUILLET;17000;LA ROCHELLE|1 Avenue du 14 Juillet, 17000 La Rochelle, France|46.153644|-1.129817
1200|1|13;Avenue DU QUATORZE JUILLET;17000;LA ROCHELLE|13 Avenue du 14 Juillet, 17000 La Rochelle, France|46.153031|-1.127204
1201|1|19;Avenue DU QUATORZE JUILLET;17000;LA ROCHELLE|19 Avenue du 14 Juillet, 17000 La Rochelle, France|46.152642|-1.125507
1202|1|;Avenue DU QUATORZE JUILLET;17000;LA ROCHELLE|Avenue du Quatorze Juillet, 17000 La Rochelle, France|46.152563|-1.126404
1219|1|3;Allée DU QUERCY;17000;LA ROCHELLE|3 Allée du Quercy, 17000 La Rochelle, France|46.156136|-1.181817
1220|1|3;Allée DU QUERCY;17000;LA ROCHELLE|3 Allée du Quercy, 17000 La Rochelle, France|46.156136|-1.181817
1221|1|5;Allée DU QUERCY;17000;LA ROCHELLE|5 Allée du Quercy, 17000 La Rochelle, France|46.156932|-1.181587
1222|1|3;Rue QUANTIN DE LA TOUR;17000;LA ROCHELLE|3 Rue Quentin de la Tour, 17000 La Rochelle, France|46.169659|-1.171544
1223|1|2;Rue QUANTIN DE LA TOUR;17000;LA ROCHELLE|2 Rue Quentin de la Tour, 17000 La Rochelle, France|46.169366|-1.171921
1224|1|1;Rue QUANTIN DE LA TOUR;17000;LA ROCHELLE|1 Rue Quentin de la Tour, 17000 La Rochelle, France|46.169386|-1.171954
1225|1|1;Rue QUANTIN DE LA TOUR;17000;LA ROCHELLE|1 Rue Quentin de la Tour, 17000 La Rochelle, France|46.169386|-1.171954
1226|1|3;Rue QUANTIN DE LA TOUR;17000;LA ROCHELLE|3 Rue Quentin de la Tour, 17000 La Rochelle, France|46.169659|-1.171544
1227|1|12;Rue RAMBAUD;17000;LA ROCHELLE|12 Rue Rambaud, 17000 La Rochelle, France|46.163237|-1.152903
1228|1|8;Rue RAMBAUD;17000;LA ROCHELLE|8 Rue Rambaud, 17000 La Rochelle, France|46.163182|-1.152628
1246|1|32 BIS;Rue REAUMUR;17000;LA ROCHELLE|32 Rue Réaumur, 17000 La Rochelle, France|46.159947|-1.155924
1247|1|8;Rue REAUMUR;17000;LA ROCHELLE|8 Rue Réaumur, 17000 La Rochelle, France|46.159673|-1.156000
1248|1|5;Rue REAUMUR;17000;LA ROCHELLE|5 Rue Réaumur, 17000 La Rochelle, France|46.159958|-1.155850
1249|1|5;Chemin DES REMBLAIS;17000;LA ROCHELLE|5 Chemin des Remblais, 17000 La Rochelle, France|46.170121|-1.203679
1250|1|43;Chemin DES REMBLAIS;17000;LA ROCHELLE|43 Chemin des Remblais, 17000 La Rochelle, France|46.167216|-1.204989
1251|1|53;Rue REMPART DES VOILIERS;17000;LA ROCHELLE|53 Rue du Rempart des Voiliers, 17000 La Rochelle, France|46.166400|-1.146437
1252|1|53;Rue REMPART DES VOILIERS;17000;LA ROCHELLE|53 Rue du Rempart des Voiliers, 17000 La Rochelle, France|46.166400|-1.146437
1253|1|70;Rue REMPART DES VOILIERS;17000;LA ROCHELLE|70 Rue du Rempart des Voiliers, 17000 La Rochelle, France|46.166610|-1.147112
1254|1|69;Rue REMPART DES VOILIERS;17000;LA ROCHELLE|69 Rue du Rempart des Voiliers, 17000 La Rochelle, France|46.166394|-1.147233
1255|1|69;Rue REMPART DES VOILIERS;17000;LA ROCHELLE|69 Rue du Rempart des Voiliers, 17000 La Rochelle, France|46.166394|-1.147233
1271|1|12;Avenue ROBERT SCHUMAN;17000;LA ROCHELLE|12 Avenue Robert Schuman, 17000 La Rochelle, France|46.166578|-1.178451
1272|1|16;Avenue ROBERT SCHUMAN;17000;LA ROCHELLE|16 Avenue Robert Schuman, 17000 La Rochelle, France|46.166906|-1.178481
1273|1|16;Avenue ROBERT SCHUMAN;17000;LA ROCHELLE|16 Avenue Robert Schuman, 17000 La Rochelle, France|46.166906|-1.178481
1274|1|44;Avenue ROBESPIERRE;17000;LA ROCHELLE|44 Avenue Robespierre, 17000 La Rochelle, France|46.152787|-1.123846
1275|1|42;Avenue ROBESPIERRE;17000;LA ROCHELLE|42 Avenue Robespierre, 17000 La Rochelle, France|46.153139|-1.123728
1276|1|42;Avenue ROBESPIERRE;17000;LA ROCHELLE|42 Avenue Robespierre, 17000 La Rochelle, France|46.153139|-1.123728
1277|1|44;Avenue ROBESPIERRE;17000;LA ROCHELLE|44 Avenue Robespierre, 17000 La Rochelle, France|46.152787|-1.123846
1278|1|61;Avenue ROBESPIERRE;17000;LA ROCHELLE|61 Avenue Robespierre, 17000 La Rochelle, France|46.153124|-1.123635
1279|1|42;Avenue ROBESPIERRE;17000;LA ROCHELLE|42 Avenue Robespierre, 17000 La Rochelle, France|46.153139|-1.123728
1280|1|48;Avenue ROBESPIERRE;17000;LA ROCHELLE|48 Avenue Robespierre, 17000 La Rochelle, France|46.152085|-1.124088
1297|1|122;Avenue DE ROMPSAY;17000;LA ROCHELLE|122 Avenue de Rompsay, 17000 La Rochelle, France|46.161309|-1.130761
1298|1|124;Avenue DE ROMPSAY;17000;LA ROCHELLE|124 Avenue de Rompsay, 17000 La Rochelle, France|46.161323|-1.130603
1299|1|110;Avenue DE ROMPSAY;17000;LA ROCHELLE|110 Avenue de Rompsay, 17000 La Rochelle, France|46.161233|-1.131618
1300|1|112;Avenue DE ROMPSAY;17000;LA ROCHELLE|112 Avenue de Rompsay, 17000 La Rochelle, France|46.161248|-1.131449
1301|1|122;Avenue DE ROMPSAY;17000;LA ROCHELLE|122 Avenue de Rompsay, 17000 La Rochelle, France|46.161309|-1.130761
1302|1|47;Avenue DE ROMPSAY;17000;LA ROCHELLE|47 Avenue de Rompsay, 17000 La Rochelle, France|46.161073|-1.136810
1303|1|61;Avenue DE ROMPSAY;17000;LA ROCHELLE|61 Avenue de Rompsay, 17000 La Rochelle, France|46.161120|-1.135660
1304|1|35;Avenue DE ROMPSAY;17000;LA ROCHELLE|35 Avenue de Rompsay, 17000 La Rochelle, France|46.161047|-1.137814
1305|1|18;Avenue DE ROMPSAY;17000;LA ROCHELLE|18 Avenue de Rompsay, 17000 La Rochelle, France|46.161404|-1.139480
1306|1|62 BIS;Avenue DE ROMPSAY;17000;LA ROCHELLE|62 Avenue de Rompsay, 17000 La Rochelle, France|46.161081|-1.135262
1317|1|4;Rue DES ROSES;17000;LA ROCHELLE|4 Rue des Roses, 17000 La Rochelle, France|46.167454|-1.132418
1318|1|64;Rue DES ROSES;17000;LA ROCHELLE|64 Rue des Roses, 17000 La Rochelle, France|46.167856|-1.127128
1319|1|20;Rue DES ROSES;17000;LA ROCHELLE|20 Rue des Roses, 17000 La Rochelle, France|46.166984|-1.130866
1320|1|;Rue DU ROUSSILLON;17000;LA ROCHELLE|Rue du Roussillon, 17000 La Rochelle, France|46.157360|-1.180092
1321|1|7;Rue DU ROUSSILLON;17000;LA ROCHELLE|7 Rue du Roussillon, 17000 La Rochelle, France|46.157348|-1.180104
1322|1|16;Rue DE ROYAN;17000;LA ROCHELLE|16 Rue de Royan, 17000 La Rochelle, France|46.166420|-1.195007
1323|1|1;Rue DE ROYAN;17000;LA ROCHELLE|1 Rue de Royan, 17000 La Rochelle, France|46.166712|-1.194990
1324|1|18;Rue DE ROYAN;17000;LA ROCHELLE|18 Rue de Royan, 17000 La Rochelle, France|46.166274|-1.194997
1325|1|29;Chemin DES SABLONS;17000;LA ROCHELLE|29 Chemin des Sablons, 17000 La Rochelle, France|46.166702|-1.206520
1326|1|1;Rue SAINT CLAUDE;17000;LA ROCHELLE|1 Rue Saint-Claude, 17000 La Rochelle, France|46.158576|-1.146604
1345|1|26;Rue SARDINERIE;17000;LA ROCHELLE|26 Rue Sardinerie, 17000 La Rochelle, France|46.157840|-1.148907
1346|1|7;Square DES SAUGES;17000;LA ROCHELLE|7 Square des Sauges, 17000 La Rochelle, France|46.167549|-1.125560
1347|1|14 BIS;Rue DES SAUNIERS;17000;LA ROCHELLE|14 Rue des Sauniers, 17000 La Rochelle, France|46.159866|-1.139328
1348|1|34;Rue DES SAUNIERS;17000;LA ROCHELLE|34 Rue des Sauniers, 17000 La Rochelle, France|46.158301|-1.138921
1349|1|13;Rue DE LA SAUVAGERE;17000;LA ROCHELLE|13 Rue de la Sauvagère, 17000 La Rochelle, France|46.141397|-1.162735
1350|1|13;Rue DE SAVOIE;17000;LA ROCHELLE|13 Rue de Savoie, 17000 La Rochelle, France|46.157889|-1.186598
1351|1|5;Square DE SAVOIE;17000;LA ROCHELLE|5 Square de Savoie, 17000 La Rochelle, France|46.157659|-1.186725
1352|1|25;Square DE SAVOIE;17000;LA ROCHELLE|25 Square de Savoie, 17000 La Rochelle, France|46.157644|-1.186779
1353|1|13;Rue DE LA SOLE;17000;LA ROCHELLE|Rue de la Sole, 17000 La Rochelle, France|46.144059|-1.156513
1354|1|14;Rue DE LA SOLE;17000;LA ROCHELLE|14 Rue de la Sole, 17000 La Rochelle, France|46.143958|-1.155801
1380|1|53;Rue DE SUEDE;17000;LA ROCHELLE|53 Rue de Suède, 17000 La Rochelle, France|46.161395|-1.161984
1381|1|13;Rue DE SUEDE;17000;LA ROCHELLE|13 Rue de Suède, 17000 La Rochelle, France|46.161825|-1.159979
1382|1|53;Rue DE SUEDE;17000;LA ROCHELLE|53 Rue de Suède, 17000 La Rochelle, France|46.161395|-1.161984
1383|1|22;Rue SUR LES MURS;17000;LA ROCHELLE|22 Rue sur les Murs, 17000 La Rochelle, France|46.155841|-1.155805
1384|1|27;Rue DU TEMPLE;17000;LA ROCHELLE|27 Rue du Temple, 17000 La Rochelle, France|46.158640|-1.152924
1385|1|18 BIS;Rue DES TEMPLIERS;17000;LA ROCHELLE|18 Rue des Templiers, 17000 La Rochelle, France|46.159349|-1.152565
1386|1|24;Rue DES TEMPLIERS;17000;LA ROCHELLE|24 Rue des Templiers, 17000 La Rochelle, France|46.159132|-1.152595
1387|1|2;Rue THEOPHILE BABUT;17000;LA ROCHELLE|2 Rue Théophile Babut, 17000 La Rochelle, France|46.160974|-1.213500
1388|1|6;Rue THEOPHILE BABUT;17000;LA ROCHELLE|6 Rue Théophile Babut, 17000 La Rochelle, France|46.161240|-1.213535
1389|1|36;Rue THEOPHILE BABUT;17000;LA ROCHELLE|36 Rue Théophile Babut, 17000 La Rochelle, France|46.162981|-1.213766
1415|1|18;Rue TROUSSIER;17000;LA ROCHELLE|18 Rue Troussier, 17000 La Rochelle, France|46.163225|-1.208876
1416|1|3;Rue FRANCOIS TRUFFAUT;17000;LA ROCHELLE|3 Rue François Truffaut, 17000 La Rochelle, France|46.146136|-1.154432
1417|1|1;Rue FRANCOIS TRUFFAUT;17000;LA ROCHELLE|1 Rue François Truffaut, 17000 La Rochelle, France|46.146136|-1.154432
1418|1|1;Rue FRANCOIS TRUFFAUT;17000;LA ROCHELLE|1 Rue François Truffaut, 17000 La Rochelle, France|46.146136|-1.154432
1419|1|22;Rue DE TUNIS;17000;LA ROCHELLE|22 Rue de Tunis, 17000 La Rochelle, France|46.161387|-1.168127
1420|1|22;Rue DE TUNIS;17000;LA ROCHELLE|22 Rue de Tunis, 17000 La Rochelle, France|46.161387|-1.168127
1421|1|37;Rue DE TUNIS;17000;LA ROCHELLE|37 Rue de Tunis, 17000 La Rochelle, France|46.161652|-1.169733
1422|1|9;Quai VALIN;17000;LA ROCHELLE|9 Quai Valin, 17000 La Rochelle, France|46.157786|-1.150459
1423|1|3;Quai VALIN;17000;LA ROCHELLE|3 Quai Valin, 17000 La Rochelle, France|46.157930|-1.150397
1424|1|43;Quai VALIN;17000;LA ROCHELLE|43 Quai Valin, 17000 La Rochelle, France|46.156442|-1.149629
1447|1|10;Rue Paul-Emile VICTOR;17000;LA ROCHELLE|10 Rue Paul-Emile Victor, 17000 La Rochelle, France|46.145071|-1.157084
1448|1|7;Rue Paul-Emile VICTOR;17000;LA ROCHELLE|7 Rue Paul-Emile Victor, 17000 La Rochelle, France|46.144989|-1.157454
1449|1|11;Rue Paul-Emile VICTOR;17000;LA ROCHELLE|11 Rue Paul-Emile Victor, 17000 La Rochelle, France|46.144927|-1.157873
1450|1|12;Rue VICTOR CONSIDERANT;17000;LA ROCHELLE|12 Rue Victor Considérant, 17000 La Rochelle, France|46.155694|-1.125904
1451|1|22;Rue VICTOR HUGO;17000;LA ROCHELLE|22 Rue Victor Hugo, 17000 La Rochelle, France|46.161933|-1.167002
1452|1|11;Rue VICTOR HUGO;17000;LA ROCHELLE|11 Rue Victor Hugo, 17000 La Rochelle, France|46.160749|-1.167404
1453|1|6;Rue VICTOR LOUIS;17000;LA ROCHELLE|6 Rue Victor Louis, 17000 La Rochelle, France|46.168953|-1.171142
1454|1|43;Avenue VICTOR SCHOELCHER;17000;LA ROCHELLE|43 Avenue Victor Schoelcher, 17000 La Rochelle, France|46.153109|-1.127720
1455|1|43;Avenue VICTOR SCHOELCHER;17000;LA ROCHELLE|43 Avenue Victor Schoelcher, 17000 La Rochelle, France|46.153109|-1.127720
1456|1|41;Avenue VICTOR SCHOELCHER;17000;LA ROCHELLE|41 Avenue Victor Schoelcher, 17000 La Rochelle, France|46.153679|-1.127528
1484|1|25;Rue BRETIGNIERE;17000;LA ROCHELLE|25 Rue Brétignière, 17000 La Rochelle, France|46.162467|-1.137007
1485|1|3;rue des CHARDONS;17000;LA ROCHELLE|3 Impasse des Chardons, 17138 Puilboreau, France|46.182873|-1.100350
1486|1|31;RICHARD COEUR DE LION;17000;LA ROCHELLE|31 Rue Richard Cœur de Lion, 17000 La Rochelle, France|46.169179|-1.159566
1487|1|18;rue eugene DECOURT;17000;LA ROCHELLE|18 Rue Eugène Decout, 17000 La Rochelle, France|46.171329|-1.162174
1488|1|24;Rue Robert DESNOS;17000;LA ROCHELLE|24 Rue Robert Desnos, 17000 La Rochelle, France|46.170182|-1.192203
1489|1|24;Rue Robert DESNOS;17000;LA ROCHELLE|24 Rue Robert Desnos, 17000 La Rochelle, France|46.170182|-1.192203
1490|1|2;RUE GEORGES DUPOUV;17000;LA ROCHELLE|2 Rue Georges Dupouy, 17000 La Rochelle, France|46.167374|-1.195509
1491|1|8;rue de l'esvescot;17000;LA ROCHELLE|8 Rue de l'Evescot, 17000 La Rochelle, France|46.163062|-1.148944
1492|1|55;rue du berry;17000;LA ROCHELLE|55 Square du Berry, 17000 La Rochelle, France|46.157907|-1.186582
1493|1|3;RUE DE LA FREGATE;17000;LA ROCHELLE|3 Passage de la Frégate, 17000 La Rochelle, France|46.155387|-1.151148
1525|1|;12 RUE GIRAUDOUX;17000;LA ROCHELLE|12 Rue Jean Giraudoux, 17000 La Rochelle, France|46.174953|-1.140169
1527|1|;12 RUE MONTYON;17000;LA ROCHELLE|12 Rue Montyon, 17000 La Rochelle, France|46.145637|-1.148544
1528|1|;12 RUE SIEGFRIED;17000;LA ROCHELLE|12 Rue Jules Siegfried, 17000 La Rochelle, France|46.163739|-1.174457
1529|1|;13 AVE DU 14 JUILLET;17000;LA ROCHELLE|13 Avenue du 14 Juillet, 17000 La Rochelle, France|46.153031|-1.127204
1530|1|;13 AVENUE ROBESPIERRE;17000;LA ROCHELLE|13 Avenue Robespierre, 17000 La Rochelle, France|46.155784|-1.122742
1531|1|;13 B RUE JACQUES PREVERT;17000;LA ROCHELLE|13 Rue Jacques Prévert, 17000 La Rochelle, France|46.170099|-1.193665
1532|1|;13 RUE D'AMBOISE;17000;LA ROCHELLE|13 Rue d'Amboise, 17000 La Rochelle, France|46.165619|-1.133384
1533|1|;13 RUE DE LA SOMME;17000;LA ROCHELLE|13 Rue de la Somme, 17000 La Rochelle, France|46.168602|-1.148506
1556|1|;18 AV D'OSLO;17000;LA ROCHELLE|18 Avenue d'Oslo, 17000 La Rochelle, France|46.171287|-1.184838
1557|1|;18 RUE BERLIOZ;17000;LA ROCHELLE|18 Rue Berlioz, 17000 La Rochelle, France|46.160203|-1.135380
1558|1|;18 RUE DES GONTHIERES;17000;LA ROCHELLE|18 Rue des Gonthières, 17000 La Rochelle, France|46.173623|-1.159247
1559|1|;18 RUE F PYAT;17000;LA ROCHELLE|18 Rue Félix Pyat, 17000 La Rochelle, France|46.153015|-1.132777
1560|1|;18 RUE F PYAT;17000;LA ROCHELLE|18 Rue Félix Pyat, 17000 La Rochelle, France|46.153015|-1.132777
1561|1|;18 RUE PAUL EMILE VICTOR;17000;LA ROCHELLE|18 Rue Paul-Emile Victor, 17000 La Rochelle, France|46.144920|-1.158090
1562|1|;19 ALLEES DE BRUXELLES;17000;LA ROCHELLE|19 Allée de Bruxelles, 17000 La Rochelle, France|46.165435|-1.178351
1563|1|;19 RUE J P BLANCHARD;17000;LA ROCHELLE|19 Rue Jean-Pierre Blanchard, 17000 La Rochelle, France|46.166199|-1.125616
1564|1|;19 RUE M PAGNOL;17000;LA ROCHELLE|19 Rue Marcel Pagnol, 17000 La Rochelle, France|46.156622|-1.131939
1574|1|;22 RUE CLEMENT ADER;17000;LA ROCHELLE|22 Rue Clément Ader, 17000 La Rochelle, France|46.146365|-1.148233
1575|1|;22 RUE THOROIGNE DE MERICOURT;17000;LA ROCHELLE|Rue Théroigne de Méricourt, 17000 La Rochelle, France|46.152237|-1.117898
1576|1|;22 RUE VINCENT SCOTTO;17000;LA ROCHELLE|22 Rue Vincent Scotto, 17000 La Rochelle, France|46.163145|-1.127547
1577|1|;22/24 RUE DU DR DALMON;17000;LA ROCHELLE|24 Rue du Docteur Henri Dalmon, 17000 La Rochelle, France|46.162852|-1.172900
1578|1|;23 RUE DE LA MUSE;17000;LA ROCHELLE|23 Rue de la Muse, 17000 La Rochelle, France|46.168091|-1.200324
1579|1|;23 RUE DES ARDENNES;17000;LA ROCHELLE|23 Rue des Ardennes, 17138 La Rochelle, France|46.169308|-1.118044
1580|1|;23 RUE DES TREMBLES;17000;LA ROCHELLE|23 Rue des Trembles, 17000 La Rochelle, France|46.162934|-1.191983
1581|1|;232 RUE DE PERIGNY;17000;LA ROCHELLE|232 Rue de Périgny, 17000 La Rochelle, France|46.161838|-1.123526
1582|1|;235 AV DU CIMETIERE;17000;LA ROCHELLE|235 Avenue du Cimetière, 17000 La Rochelle, France|46.166536|-1.116926
1583|1|;237 AV CARNOT;17000;LA ROCHELLE|237 Avenue Carnot, 17000 La Rochelle, France|46.164644|-1.183001
1593|1|;27 AVENUE BILLAUD VARENNE;17000;LA ROCHELLE|27 Avenue Billaud Varenne, 17000 La Rochelle, France|46.151536|-1.118670
1594|1|;27 RUE A KASTLER;17000;LA ROCHELLE|27 Rue Alfred Kastler, 17000 La Rochelle, France|46.139736|-1.158804
1595|1|;27 RUE CLEMENT ADER;17000;LA ROCHELLE|27 Rue Clément Ader, 17000 La Rochelle, France|46.146353|-1.148291
1596|1|;27 RUE G. FLOURENS;17000;LA ROCHELLE|27 Rue Gustave Flourens, 17000 La Rochelle, France|46.152665|-1.134695
1597|1|;270 AVENUE DENFERT ROCHEREAU;17000;LA ROCHELLE|270 Avenue Denfert-Rochereau, 17000 La Rochelle, France|46.163903|-1.209524
1598|1|;279 BIS AV CARNOT;17000;LA ROCHELLE|279 Avenue Carnot, 17000 La Rochelle, France|46.165344|-1.186380
1599|1|;28 AV DE MOSCOU;17000;LA ROCHELLE|28 Avenue de Moscou, 17000 La Rochelle, France|46.169833|-1.180664
1600|1|;3 AVENUE BILLAUD VARENNE;17000;LA ROCHELLE|3 Avenue Billaud Varenne, 17000 La Rochelle, France|46.151928|-1.122868
1601|1|;3 RUE A BRONGNIART;17000;LA ROCHELLE|3 Rue Alexandre Brongniart, 17000 La Rochelle, France|46.167112|-1.171417
1602|1|;3 RUE ALCIDE D'ORBIGNY;17000;LA ROCHELLE|3 Rue Alcide d'Orbigny, 17000 La Rochelle, France|46.164569|-1.150504
1611|1|;30 RUE DE LA DIGUE;17000;LA ROCHELLE|30 Rue de la Digue, 17000 La Rochelle, France|46.155074|-1.175547
1612|1|;30 RUE L LAGRANGE;17000;LA ROCHELLE|30 Rue Léo Lagrange, 17000 La Rochelle, France|46.173566|-1.128037
1613|1|;31 ALLEE DE BRUXELLES;17000;LA ROCHELLE|31 Allée de Bruxelles, 17000 La Rochelle, France|46.165566|-1.179367
1614|1|;31 AV ROBESPIERRE;17000;LA ROCHELLE|31 Avenue Robespierre, 17000 La Rochelle, France|46.154850|-1.123055
1615|1|;31 RUE A, THEROIGNE DE MERICOURT;17000;LA ROCHELLE|Rue Théroigne de Méricourt, 17000 La Rochelle, France|46.152237|-1.117898
1616|1|;31 RUE DES HALLES;17000;LA ROCHELLE|31 Rue des Halles, 17000 La Rochelle, France|46.170029|-1.199414
1617|1|;31 RUE DU MARAIS;17000;LA ROCHELLE|31 Rue du Marais, 17000 La Rochelle, France|46.169907|-1.155326
1618|1|;310 AV R POINCARE;17000;LA ROCHELLE|310 Avenue Raymond Poincaré, 17000 La Rochelle, France|46.165841|-1.188467
1619|1|;32 BIS RUE REAUMUR;17000;LA ROCHELLE|32 Rue Réaumur, 17000 La Rochelle, France|46.159947|-1.155924
1620|1|;32 RUE DE L'ANGOUMOIS;17000;LA ROCHELLE|Rue de l'Angoumois, 17000 La Rochelle, France|46.158295|-1.182360
1638|1|;4 COURS DAME HILAIRE;17000;LA ROCHELLE|4 Cours Dame Hilaire, 17000 La Rochelle, France|46.168579|-1.173381
1639|1|;4 RUE A BAUDIN;17000;LA ROCHELLE|4 Rue Alphonse Baudin, 17000 La Rochelle, France|46.152335|-1.127449
1640|1|;4 RUE DE MISSY;17000;LA ROCHELLE|4 Rue de Missy, 17000 La Rochelle, France|46.163252|-1.169497
1641|1|;4 RUE DELY;17000;LA ROCHELLE|Rue Dely, 17000 La Rochelle, France|46.156903|-1.168093
1642|1|;4 RUE E COUNEAU;17000;LA ROCHELLE|4 Rue Emile Couneau, 17000 La Rochelle, France|46.150119|-1.146622
1644|1|;4 RUE GEORGES MORVAN;17000;LA ROCHELLE|4 Rue Georges Morvan, 17000 La Rochelle, France|46.143035|-1.154668
1645|1|;4 RUE LACLOS;17000;LA ROCHELLE|4 Rue Laclos, 17000 La Rochelle, France|46.166232|-1.140924
1657|1|;47 RUE PROUDHON;17000;LA ROCHELLE|47 Avenue Pierre-Joseph Proudhon, 17000 La Rochelle, France|46.153412|-1.131607
1658|1|;48 RUE DU LIGNON;17000;LA ROCHELLE|48 Rue du Lignon, 17000 La Rochelle, France|46.175313|-1.153032
1659|1|;48 RUE DU LIGNON;17000;LA ROCHELLE|48 Rue du Lignon, 17000 La Rochelle, France|46.175313|-1.153032
1660|1|;4BIS RUE DE JERICHO;17000;LA ROCHELLE|4 Rue de Jericho, 17000 La Rochelle, France|46.166107|-1.160044
1661|1|;5 AV DE PRAGUE;17000;LA ROCHELLE|5 Avenue de Prague, 17000 La Rochelle, France|46.170641|-1.173698
1663|1|;5 RUE BLAISE CENDRAS;17000;LA ROCHELLE|5 Rue Blaise Cendrars, 17000 La Rochelle, France|46.169945|-1.194524
1664|1|;5 RUE BRETIGNIERE;17000;LA ROCHELLE|5 Rue Brétignière, 17000 La Rochelle, France|46.161853|-1.139090
1665|1|;5 RUE DE LA MARECHALE;17000;LA ROCHELLE|5 Rue de la Maréchale, 17000 La Rochelle, France|46.169478|-1.140867
1666|1|;5 RUE DU FIEF DES ARDENNES;17000;LA ROCHELLE|5 Rue du Fief des Ardennes, 17000 La Rochelle, France|46.165744|-1.119975
1682|1|;6 RUE DE ROUGEMONT;17000;LA ROCHELLE|6 Rue de Rougemont, 17000 La Rochelle, France|46.162200|-1.162487
1683|1|;6 RUE DES EGLANTIERS;17000;LA ROCHELLE|6 Rue des Églantiers, 17000 La Rochelle, France|46.168520|-1.123947
1684|1|;6 RUE DU NIGER;17000;LA ROCHELLE|6 Rue du Niger, 17000 La Rochelle, France|46.164209|-1.201004
1685|1|;6 RUE GEORGES EMONIN;17000;LA ROCHELLE|6 Rue Georges Emonin, 17000 La Rochelle, France|46.158720|-1.164848
1686|1|;6 RUE GEORGES EMONIN;17000;LA ROCHELLE|6 Rue Georges Emonin, 17000 La Rochelle, France|46.158720|-1.164848
1687|1|;6 RUE ORADOUR SUR GLANE;17000;LA ROCHELLE|6 Rue d'Oradour-sur-Glâne, 17000 La Rochelle, France|46.164906|-1.188825
1689|1|;6 RUE RUBENS;17000;LA ROCHELLE|6 Rue Rubens, 17000 La Rochelle, France|46.169959|-1.170427
1690|1|;6 RUE THEROIGNE DE MERICOURT;17000;LA ROCHELLE|Rue Théroigne de Méricourt, 17000 La Rochelle, France|46.152237|-1.117898
1691|1|;60 RUE DE LA PEPINIERE;17000;LA ROCHELLE|60 Rue de la Pépinière, 17000 La Rochelle, France|46.158983|-1.164213
1700|1|;7 RUE GERMINAL;17000;LA ROCHELLE|7 Rue Germinal, 17000 La Rochelle, France|46.167562|-1.180724
1701|1|;7 RUE MONTAIGNE;17000;LA ROCHELLE|7 Rue Montaigne, 17000 La Rochelle, France|46.152827|-1.152792
1702|1|;7 RUE STENDHAL;17000;LA ROCHELLE|7 Rue Stendhal, 17000 La Rochelle, France|46.172688|-1.179850
1703|1|;70 RUE DES GONTHIERES;17000;LA ROCHELLE|70 Rue des Gonthières, 17000 La Rochelle, France|46.175410|-1.155194
1705|1|;73 RUE BRAILLE;17000;LA ROCHELLE|73 Rue Braille, 17000 La Rochelle, France|46.170536|-1.165021
1706|1|;74 AVENUE DES CORDELIERS;17000;LA ROCHELLE|74 Avenue des Cordeliers, 17000 La Rochelle, France|46.166261|-1.141536
1707|1|;74 AVENUE DES CORDELIERS;17000;LA ROCHELLE|74 Avenue des Cordeliers, 17000 La Rochelle, France|46.166261|-1.141536
1708|1|;78 RUE JEAN GODEFROY;17000;LA ROCHELLE|78 Rue Jean Godefroy, 17000 La Rochelle, France|46.157009|-1.169476
1709|1|;78 RUE JEAN GODEFROY;17000;LA ROCHELLE|78 Rue Jean Godefroy, 17000 La Rochelle, France|46.157009|-1.169476
1710|1|;8 RUE C DESMOULINS;17000;LA ROCHELLE|8 Rue Camille Desmoulins, 17000 La Rochelle, France|46.150505|-1.119622
1711|1|;8 RUE DE LORIENT;17000;LA ROCHELLE|8 Rue de Lorient, 17000 La Rochelle, France|46.164162|-1.190386
1712|1|;8 RUE DES GLAÏEULS;17000;LA ROCHELLE|8 Rue des Glaieuls, 17000 La Rochelle, France|46.168436|-1.125412
1713|1|;8 RUE GEORGES MORVAN;17000;LA ROCHELLE|8 Rue Georges Morvan, 17000 La Rochelle, France|46.143103|-1.156329
1714|1|;8 RUE R DESNOS;17000;LA ROCHELLE|8 Rue Robert Desnos, 17000 La Rochelle, France|46.169626|-1.192539
1736|1|;AV D OSLO;17000;LA ROCHELLE|Avenue d'Oslo, 17000 La Rochelle, France|46.171333|-1.185403
1737|1|;RUE DU ROUSSILLON;17000;LA ROCHELLE|Rue du Roussillon, 17000 La Rochelle, France|46.157360|-1.180092
1743|1|;9 RUE GEORGES MORVAN;17000;LA ROCHELLE|9 Rue Georges Morvan, 17000 La Rochelle, France|46.142980|-1.155772
1745|1|;IMP. DE FETILLY;17000;LA ROCHELLE|Impasse de Fétilly, 17000 La Rochelle, France|46.173464|-1.157897
