12|0|3;Rue ALEXANDRE BRONGNIART;17000;LA ROCHELLE|La Rochelle, France|46.160329|-1.151139
13|0|9;Rue ALEXANDRE BRONGNIART;17000;LA ROCHELLE|La Rochelle, France|46.160329|-1.151139
14|0|7;Rue ALEXANDRE BRONGNIART;17000;LA ROCHELLE|La Rochelle, France|46.160329|-1.151139
25|0|11;Rue D'ALGER;17000;LA ROCHELLE|La Rochelle, France|46.160329|-1.151139
26|0|3;Rue D'ALGER;17000;LA ROCHELLE|La Rochelle, France|46.160329|-1.151139
27|0|8 BIS;Rue ALIENOR D'AQUITAINE;17000;LA ROCHELLE|La Rochelle, France|46.160329|-1.151139
28|0|31;Rue D'AMBOISE;17000;LA ROCHELLE|La Rochelle, France|46.160329|-1.151139
29|0|16;Rue D'AMBOISE;17000;LA ROCHELLE|La Rochelle, France|46.160329|-1.151139
30|0|14;Rue AMELOT;17000;LA ROCHELLE|La Rochelle, France|46.160329|-1.151139
31|0|50;Avenue AMERIGO VESPUCCI;17000;LA ROCHELLE|La Rochelle, France|46.160329|-1.151139
32|0|35;Avenue AMERIGO VESPUCCI;17000;LA ROCHELLE|La Rochelle, France|46.160329|-1.151139
33|0|35;Avenue AMERIGO VESPUCCI;17000;LA ROCHELLE|La Rochelle, France|46.160329|-1.151139
34|0|32;Avenue AMERIGO VESPUCCI;17000;LA ROCHELLE|La Rochelle, France|46.160329|-1.151139
35|0|35;Avenue AMERIGO VESPUCCI;17000;LA ROCHELLE|La Rochelle, France|46.160329|-1.151139
36|0|36;Avenue AMERIGO VESPUCCI;17000;LA ROCHELLE|La Rochelle, France|46.160329|-1.151139
47|0|34;Rue AMPERE;17000;LA ROCHELLE|La Rochelle, France|46.160329|-1.151139
48|0|43;Rue AMPERE;17000;LA ROCHELLE|La Rochelle, France|46.160329|-1.151139
49|0|38;Rue AMPERE;17000;LA ROCHELLE|La Rochelle, France|46.160329|-1.151139
50|0|30;Rue AMPERE;17000;LA ROCHELLE|La Rochelle, France|46.160329|-1.151139
51|0|30;Rue AMPERE;17000;LA ROCHELLE|La Rochelle, France|46.160329|-1.151139
52|0|14;Avenue D'AMSTERDAM;17000;LA ROCHELLE|La Rochelle, France|46.160329|-1.151139
53|0|13;Rue ANDRE GABARET;17000;LA ROCHELLE|La Rochelle, France|46.160329|-1.151139
54|0|22;Rue ANDRE GABARET;17000;LA ROCHELLE|La Rochelle, France|46.160329|-1.151139
55|0|25;Rue ANDRE GARNERIN;17000;LA ROCHELLE|La Rochelle, France|46.160329|-1.151139
56|0|24;Boulevard ANDRE SAUTEL;17000;LA ROCHELLE|La Rochelle, France|46.160329|-1.151139
57|0|17;Boulevard ANDRE SAUTEL;17000;LA ROCHELLE|La Rochelle, France|46.160329|-1.151139
58|0|151 BIS;Boulevard ANDRE SAUTEL;17000;LA ROCHELLE|La Rochelle, France|46.160329|-1.151139
59|0|177;Boulevard ANDRE SAUTEL;17000;LA ROCHELLE|La Rochelle, France|46.160329|-1.151139
60|0|106;Boulevard ANDRE SAUTEL;17000;LA ROCHELLE|La Rochelle, France|46.160329|-1.151139
61|0|;Rue L'ANGE GARDIEN;17000;LA ROCHELLE|La Rochelle, France|46.160329|-1.151139
62|0|8;Rue ANGE JACQUES GABRIEL;17000;LA ROCHELLE|La Rochelle, France|46.160329|-1.151139
73|0|36;Rue Du Fief des Ardennes;17000;LA ROCHELLE|La Rochelle, France|46.160329|-1.151139
74|0|25;Rue Du Fief des Ardennes;17000;LA ROCHELLE|La Rochelle, France|46.160329|-1.151139
75|0|7;Rue Du Fief des Ardennes;17000;LA ROCHELLE|La Rochelle, France|46.160329|-1.151139
76|0|61;Rue Du Fief des Ardennes;17000;LA ROCHELLE|La Rochelle, France|46.160329|-1.151139
77|0|7;Avenue ARISTIDE BRIAND;17000;LA ROCHELLE|La Rochelle, France|46.160329|-1.151139
78|0|51;Boulevard ARISTIDE RONDEAU;17000;LA ROCHELLE|La Rochelle, France|46.160329|-1.151139
79|0|31;Boulevard ARISTIDE RONDEAU;17000;LA ROCHELLE|La Rochelle, France|46.160329|-1.151139
80|0|;Boulevard ARISTIDE RONDEAU;17000;LA ROCHELLE|La Rochelle, France|46.160329|-1.151139
81|0|33;Boulevard ARISTIDE RONDEAU;17000;LA ROCHELLE|La Rochelle, France|46.160329|-1.151139
82|0|6;Boulevard ARISTIDE RONDEAU;17000;LA ROCHELLE|La Rochelle, France|46.160329|-1.151139
83|0|31;Boulevard ARISTIDE RONDEAU;17000;LA ROCHELLE|La Rochelle, France|46.160329|-1.151139
84|0|19;Boulevard ARISTIDE RONDEAU;17000;LA ROCHELLE|La Rochelle, France|46.160329|-1.151139
85|0|45;Boulevard ARISTIDE RONDEAU;17000;LA ROCHELLE|La Rochelle, France|46.160329|-1.151139
86|0|39 BIS;Rue D'ARRAS;17000;LA ROCHELLE|La Rochelle, France|46.160329|-1.151139
87|0|17;Rue D'ARRAS;17000;LA ROCHELLE|La Rochelle, France|46.160329|-1.151139
88|0|6;Rue D'ARRAS;17000;LA ROCHELLE|La Rochelle, France|46.160329|-1.151139
89|0|10;Rue DE L'ARSENAL;17000;LA ROCHELLE|La Rochelle, France|46.160329|-1.151139
90|0|10;Rue DE L'ARSENAL;17000;LA ROCHELLE|La Rochelle, France|46.160329|-1.151139
91|0|10;Rue DE L'ARSENAL;17000;LA ROCHELLE|La Rochelle, France|46.160329|-1.151139
102|0|19;Rue ARVEDE BARINE;17000;LA ROCHELLE|La Rochelle, France|46.160329|-1.151139
103|0|36;Rue ARVEDE BARINE;17000;LA ROCHELLE|La Rochelle, France|46.160329|-1.151139
104|0|1;Rue DES AUGUSTINS;17000;LA ROCHELLE|La Rochelle, France|46.160329|-1.151139
105|0|1;Rue DES AUGUSTINS;17000;LA ROCHELLE|La Rochelle, France|46.160329|-1.151139
106|0|1;Rue DES AUGUSTINS;17000;LA ROCHELLE|La Rochelle, France|46.160329|-1.151139
107|0|5;Rue DE LA BARBADE;17000;LA ROCHELLE|La Rochelle, France|46.160329|-1.151139
108|0|11;Rue DE LA BARROERE;17000;LA ROCHELLE|La Rochelle, France|46.160329|-1.151139
109|0|54BIS;Rue BASSE DE SAINT ELOI;17000;LA ROCHELLE|La Rochelle, France|46.160329|-1.151139
110|0|45;Rue BASSE DE SAINT ELOI;17000;LA ROCHELLE|La Rochelle, France|46.160329|-1.151139
111|0|64;Rue BASSE DE SAINT ELOI;17000;LA ROCHELLE|La Rochelle, France|46.160329|-1.151139
112|0|64;Rue BASSE DE SAINT ELOI;17000;LA ROCHELLE|La Rochelle, France|46.160329|-1.151139
113|0|29;Rue BASSE DE SAINT ELOI;17000;LA ROCHELLE|La Rochelle, France|46.160329|-1.151139
114|0|54 BIS;Rue BASSE DE SAINT ELOI;17000;LA ROCHELLE|La Rochelle, France|46.160329|-1.151139
115|0|43;Rue BASSE DE SAINT ELOI;17000;LA ROCHELLE|La Rochelle, France|46.160329|-1.151139
116|0|61 BIS;Rue BASSE DE SAINT ELOI;17000;LA ROCHELLE|La Rochelle, France|46.160329|-1.151139
117|0|71;Rue BASSE DE SAINT ELOI;17000;LA ROCHELLE|La Rochelle, France|46.160329|-1.151139
118|0|10;Rue DU BASTION SAINT NICOLAS;17000;LA ROCHELLE|La Rochelle, France|46.160329|-1.151139
119|0|4;Rue ALPHONSE BAUDIN;17000;LA ROCHELLE|La Rochelle, France|46.160329|-1.151139
130|0|35;Rue DE BEAUREGARD;17000;LA ROCHELLE|La Rochelle, France|46.160329|-1.151139
131|0|32;Rue BEL AIR;17000;LA ROCHELLE|La Rochelle, France|46.160329|-1.151139
132|0|31;Rue BEL AIR;17000;LA ROCHELLE|La Rochelle, France|46.160329|-1.151139
143|0|45;Rue DE LA BERGERIE;17000;LA ROCHELLE|La Rochelle, France|46.160329|-1.151139
144|0|41;Rue DE LA BERGERIE;17000;LA ROCHELLE|La Rochelle, France|46.160329|-1.151139
145|0|41;Rue DE LA BERGERIE;17000;LA ROCHELLE|La Rochelle, France|46.160329|-1.151139
146|0|41 BIS;Rue DE LA BERGERIE;17000;LA ROCHELLE|La Rochelle, France|46.160329|-1.151139
147|0|22 bis;Rue DE LA BERGERIE;17000;LA ROCHELLE|La Rochelle, France|46.160329|-1.151139
148|0|4;Avenue DE BERLIN;17000;LA ROCHELLE|La Rochelle, France|46.160329|-1.151139
149|0|8;Avenue DE BERLIN;17000;LA ROCHELLE|La Rochelle, France|46.160329|-1.151139
150|0|40;Rue BERNARD PALISSY;17000;LA ROCHELLE|La Rochelle, France|46.160329|-1.151139
151|0|30;Rue BERNARD PALISSY;17000;LA ROCHELLE|La Rochelle, France|46.160329|-1.151139
152|0|10;Square DU BERRY;17000;LA ROCHELLE|La Rochelle, France|46.160329|-1.151139
153|0|76;Rue DE BETHENCOURT;17000;LA ROCHELLE|La Rochelle, France|46.160329|-1.151139
154|0|7;Avenue BILLAUD VARENNE;17000;LA ROCHELLE|La Rochelle, France|46.160329|-1.151139
155|0|7;Avenue BILLAUD VARENNE;17000;LA ROCHELLE|La Rochelle, France|46.160329|-1.151139
156|0|7;Avenue BILLAUD VARENNE;17000;LA ROCHELLE|La Rochelle, France|46.160329|-1.151139
157|0|5;Avenue BILLAUD VARENNE;17000;LA ROCHELLE|La Rochelle, France|46.160329|-1.151139
158|0|13;Avenue BILLAUD VARENNE;17000;LA ROCHELLE|La Rochelle, France|46.160329|-1.151139
159|0|27;Avenue BILLAUD VARENNE;17000;LA ROCHELLE|La Rochelle, France|46.160329|-1.151139
160|0|27;Avenue BILLAUD VARENNE;17000;LA ROCHELLE|La Rochelle, France|46.160329|-1.151139
161|0|27;Avenue BILLAUD VARENNE;17000;LA ROCHELLE|La Rochelle, France|46.160329|-1.151139
172|0|13;Avenue BILLAUD VARENNE;17000;LA ROCHELLE|La Rochelle, France|46.160329|-1.151139
173|0|29;Avenue BILLAUD VARENNE;17000;LA ROCHELLE|La Rochelle, France|46.160329|-1.151139
174|0|29;Avenue BILLAUD VARENNE;17000;LA ROCHELLE|La Rochelle, France|46.160329|-1.151139
175|0|17;Avenue BILLAUD VARENNE;17000;LA ROCHELLE|La Rochelle, France|46.160329|-1.151139
176|0|5;Avenue BILLAUD VARENNE;17000;LA ROCHELLE|La Rochelle, France|46.160329|-1.151139
177|0|7;Avenue BILLAUD VARENNE;17000;LA ROCHELLE|La Rochelle, France|46.160329|-1.151139
178|0|6;Rue BIZET;17000;LA ROCHELLE|La Rochelle, France|46.160329|-1.151139
179|0|23;Rue BLETTERIE;17000;LA ROCHELLE|La Rochelle, France|46.160329|-1.151139
180|0|10;Rue BLETTERIE;17000;LA ROCHELLE|La Rochelle, France|46.160329|-1.151139
181|0|34;Rue DU BOIS FLEURI;17000;LA ROCHELLE|La Rochelle, France|46.160329|-1.151139
182|0|34;Rue DU BOIS FLEURI;17000;LA ROCHELLE|La Rochelle, France|46.160329|-1.151139
183|0|1;Rue DES BONNES FEMMES;17000;LA ROCHELLE|La Rochelle, France|46.160329|-1.151139
184|0|6;Rue BONPLAND;17000;LA ROCHELLE|La Rochelle, France|46.160329|-1.151139
185|0|13;Rue BOUGUEREAU;17000;LA ROCHELLE|La Rochelle, France|46.160329|-1.151139
186|0|40;Rue BRAILLE;17000;LA ROCHELLE|La Rochelle, France|46.160329|-1.151139
187|0|28;Rue BRAILLE;17000;LA ROCHELLE|La Rochelle, France|46.160329|-1.151139
198|0|6;Rue BROSSARD DE BEAULIEU;17000;LA ROCHELLE|La Rochelle, France|46.160329|-1.151139
199|0|15;Allée DE BRUXELLES;17000;LA ROCHELLE|La Rochelle, France|46.160329|-1.151139
200|0|31;Allée DE BRUXELLES;17000;LA ROCHELLE|La Rochelle, France|46.160329|-1.151139
201|0|19;Allée DE BRUXELLES;17000;LA ROCHELLE|La Rochelle, France|46.160329|-1.151139
202|0|19;Allée DE BRUXELLES;17000;LA ROCHELLE|La Rochelle, France|46.160329|-1.151139
203|0|25;Allée DE BRUXELLES;17000;LA ROCHELLE|La Rochelle, France|46.160329|-1.151139
204|0|19;Allée DE BRUXELLES;17000;LA ROCHELLE|La Rochelle, France|46.160329|-1.151139
205|0|11;Allée DE BRUXELLES;17000;LA ROCHELLE|La Rochelle, France|46.160329|-1.151139
206|0|16;Avenue DE BUCAREST;17000;LA ROCHELLE|La Rochelle, France|46.160329|-1.151139
207|0|1;Avenue DE BUCAREST;17000;LA ROCHELLE|La Rochelle, France|46.160329|-1.151139
208|0|16;Avenue DE BUCAREST;17000;LA ROCHELLE|La Rochelle, France|46.160329|-1.151139
209|0|5;Rue BUFFETERIE;17000;LA ROCHELLE|La Rochelle, France|46.160329|-1.151139
210|0|12;Rue BUFFETERIE;17000;LA ROCHELLE|La Rochelle, France|46.160329|-1.151139
211|0|5;Rue BUFFETERIE;17000;LA ROCHELLE|La Rochelle, France|46.160329|-1.151139
212|0|3 BIS;Rue BURGAUD DES MARETS;17000;LA ROCHELLE|La Rochelle, France|46.160329|-1.151139
213|0|3;Rue BURGAUD DES MARETS;17000;LA ROCHELLE|La Rochelle, France|46.160329|-1.151139
214|0|3;Rue DU CABESTAN;17000;LA ROCHELLE|La Rochelle, France|46.160329|-1.151139
215|0|1;Rue DU CABESTAN;17000;LA ROCHELLE|La Rochelle, France|46.160329|-1.151139
216|0|1;Rue DU CABESTAN;17000;LA ROCHELLE|La Rochelle, France|46.160329|-1.151139
217|0|4;Rue DE CAEN;17000;LA ROCHELLE|La Rochelle, France|46.160329|-1.151139
218|0|4;Rue DE CAEN;17000;LA ROCHELLE|La Rochelle, France|46.160329|-1.151139
219|0|1;Rue DE CAEN;17000;LA ROCHELLE|La Rochelle, France|46.160329|-1.151139
230|0|;Rue CAMILLE DESMOULINS;17000;LA ROCHELLE|La Rochelle, France|46.160329|-1.151139
231|0|6;Rue CAMILLE DESMOULINS;17000;LA ROCHELLE|La Rochelle, France|46.160329|-1.151139
232|0|4;Rue CAMILLE DESMOULINS;17000;LA ROCHELLE|La Rochelle, France|46.160329|-1.151139
233|0|6;Rue CAMILLE DESMOULINS;17000;LA ROCHELLE|La Rochelle, France|46.160329|-1.151139
234|0|6;Rue CAMILLE DESMOULINS;17000;LA ROCHELLE|La Rochelle, France|46.160329|-1.151139
235|0|6;Rue CAMILLE DESMOULINS;17000;LA ROCHELLE|La Rochelle, France|46.160329|-1.151139
236|0|12;Rue CAMILLE DESMOULINS;17000;LA ROCHELLE|La Rochelle, France|46.160329|-1.151139
237|0|6;Rue CAMILLE DESMOULINS;17000;LA ROCHELLE|La Rochelle, France|46.160329|-1.151139
238|0|13;Rue CAMILLE DESMOULINS;17000;LA ROCHELLE|La Rochelle, France|46.160329|-1.151139
239|0|12;Rue CAMILLE DESMOULINS;17000;LA ROCHELLE|La Rochelle, France|46.160329|-1.151139
240|0|1;Rue CAMILLE DESMOULINS;17000;LA ROCHELLE|La Rochelle, France|46.160329|-1.151139
241|0|2;Rue CAMILLE DESMOULINS;17000;LA ROCHELLE|La Rochelle, France|46.160329|-1.151139
242|0|5;Rue CAMILLE DESMOULINS;17000;LA ROCHELLE|La Rochelle, France|46.160329|-1.151139
243|0|8;Rue CAMILLE DESMOULINS;17000;LA ROCHELLE|La Rochelle, France|46.160329|-1.151139
244|0|4;Rue CAMILLE DESMOULINS;17000;LA ROCHELLE|La Rochelle, France|46.160329|-1.151139
245|0|13;Rue CAMILLE DESMOULINS;17000;LA ROCHELLE|La Rochelle, France|46.160329|-1.151139
246|0|1;Rue CAMILLE DESMOULINS;17000;LA ROCHELLE|La Rochelle, France|46.160329|-1.151139
247|0|10;Rue CAMILLE DESMOULINS;17000;LA ROCHELLE|La Rochelle, France|46.160329|-1.151139
248|0|12;Rue CAMILLE DESMOULINS;17000;LA ROCHELLE|La Rochelle, France|46.160329|-1.151139
249|0|4;Rue CAMILLE DESMOULINS;17000;LA ROCHELLE|La Rochelle, France|46.160329|-1.151139
250|0|12;Rue CAMILLE DESMOULINS;17000;LA ROCHELLE|La Rochelle, France|46.160329|-1.151139
251|0|17;Rue CAMILLE DESMOULINS;17000;LA ROCHELLE|La Rochelle, France|46.160329|-1.151139
252|0|8;Rue DE LA CANEBIERE;17000;LA ROCHELLE|La Rochelle, France|46.160329|-1.151139
253|0|5;Place DU CANTON;17000;LA ROCHELLE|La Rochelle, France|46.160329|-1.151139
254|0|3;Impasse DU CAPRICORNE;17000;LA ROCHELLE|La Rochelle, France|46.160329|-1.151139
265|0|22;Avenue DU CHAMP DE MARS;17000;LA ROCHELLE|La Rochelle, France|46.160329|-1.151139
266|0|27 TER;Rue DES CHAMPS;17000;LA ROCHELLE|La Rochelle, France|46.160329|-1.151139
267|0|11;Rue CHARLES DELESCLUZE;17000;LA ROCHELLE|La Rochelle, France|46.160329|-1.151139
268|0|9;Rue CHARLES GOUNOD;17000;LA ROCHELLE|La Rochelle, France|46.160329|-1.151139
269|0|3;Rue CHARLES LE BRUN;17000;LA ROCHELLE|La Rochelle, France|46.160329|-1.151139
270|0|3;Rue CHARLES LE BRUN;17000;LA ROCHELLE|La Rochelle, France|46.160329|-1.151139
271|0|3;Rue CHARLES LE BRUN;17000;LA ROCHELLE|La Rochelle, France|46.160329|-1.151139
272|0|11;Rue CHARLES LE BRUN;17000;LA ROCHELLE|La Rochelle, France|46.160329|-1.151139
273|0|5;Rue CHARLES LE BRUN;17000;LA ROCHELLE|La Rochelle, France|46.160329|-1.151139
274|0|6;Rue CHARLES PERCIER;17000;LA ROCHELLE|La Rochelle, France|46.160329|-1.151139
275|0|22 BIS;Rue CHARLEVILLE MEZIERES;17000;LA ROCHELLE|La Rochelle, France|46.160329|-1.151139
276|0|4;Square DU CHATEAU D'EAU;17000;LA ROCHELLE|La Rochelle, France|46.160329|-1.151139
277|0|4;Square DU CHATEAU D'EAU;17000;LA ROCHELLE|La Rochelle, France|46.160329|-1.151139
278|0|9;Rue DU CHATEAU D'IF;17000;LA ROCHELLE|La Rochelle, France|46.160329|-1.151139
279|0|9;Rue DU CHATEAU D'IF;17000;LA ROCHELLE|La Rochelle, France|46.160329|-1.151139
280|0|6;Square DU CHATEAU GAILLARD;17000;LA ROCHELLE|La Rochelle, France|46.160329|-1.151139
281|0|5;Rue CHATEAU DE VAUCLERC;17000;LA ROCHELLE|La Rochelle, France|46.160329|-1.151139
282|0|1;Rue CHATEAU DE VAUCLERC;17000;LA ROCHELLE|La Rochelle, France|46.160329|-1.151139
283|0|5;Rue CHAUDRIER;17000;LA ROCHELLE|La Rochelle, France|46.160329|-1.151139
284|0|58;Rue CHAUDRIER;17000;LA ROCHELLE|La Rochelle, France|46.160329|-1.151139
285|0|52;Rue CHAUDRIER;17000;LA ROCHELLE|La Rochelle, France|46.160329|-1.151139
296|0|13;Rue CHRISTIAN PELLEREAU;17000;LA ROCHELLE|La Rochelle, France|46.160329|-1.151139
297|0|152;Avenue DU CIMETIERE;17000;LA ROCHELLE|La Rochelle, France|46.160329|-1.151139
298|0|154;Avenue DU CIMETIERE;17000;LA ROCHELLE|La Rochelle, France|46.160329|-1.151139
299|0|245;Avenue DU CIMETIERE;17000;LA ROCHELLE|La Rochelle, France|46.160329|-1.151139
300|0|227 BIS;Avenue DU CIMETIERE;17000;LA ROCHELLE|La Rochelle, France|46.160329|-1.151139
301|0|229;Avenue DU CIMETIERE;17000;LA ROCHELLE|La Rochelle, France|46.160329|-1.151139
302|0|233;Avenue DU CIMETIERE;17000;LA ROCHELLE|La Rochelle, France|46.160329|-1.151139
303|0|84;Avenue DU CIMETIERE;17000;LA ROCHELLE|La Rochelle, France|46.160329|-1.151139
304|0|213;Avenue DU CIMETIERE;17000;LA ROCHELLE|La Rochelle, France|46.160329|-1.151139
305|0|104;Avenue DU CIMETIERE;17000;LA ROCHELLE|La Rochelle, France|46.160329|-1.151139
306|0|233 TER;Avenue DU CIMETIERE;17000;LA ROCHELLE|La Rochelle, France|46.160329|-1.151139
307|0|213;Avenue DU CIMETIERE;17000;LA ROCHELLE|La Rochelle, France|46.160329|-1.151139
308|0|94;Avenue DU CIMETIERE;17000;LA ROCHELLE|La Rochelle, France|46.160329|-1.151139
309|0|25;Rue DE LA CIOTAT;17000;LA ROCHELLE|La Rochelle, France|46.160329|-1.151139
310|0|15 TER;Rue DE LA CIOTAT;17000;LA ROCHELLE|La Rochelle, France|46.160329|-1.151139
311|0|10;Rue DE LA CIOTAT;17000;LA ROCHELLE|La Rochelle, France|46.160329|-1.151139
312|0|7;Rue CLAIRE LACOMBE;17000;LA ROCHELLE|La Rochelle, France|46.160329|-1.151139
313|0|9;Rue CLAUDE FARRERE;17000;LA ROCHELLE|La Rochelle, France|46.160329|-1.151139
314|0|59;Rue CLAUDE MASSE;17000;LA ROCHELLE|La Rochelle, France|46.160329|-1.151139
315|0|43;Rue CLAUDE MASSE;17000;LA ROCHELLE|La Rochelle, France|46.160329|-1.151139
326|0|3;Avenue COLIGNY;17000;LA ROCHELLE|La Rochelle, France|46.160329|-1.151139
327|0|9BIS;Impasse DU COLLEGE;17000;LA ROCHELLE|La Rochelle, France|46.160329|-1.151139
328|0|3;Rue DU COLLEGE;17000;LA ROCHELLE|La Rochelle, France|46.160329|-1.151139
329|0|19;Rue DU COLLEGE;17000;LA ROCHELLE|La Rochelle, France|46.160329|-1.151139
330|0|31;Rue DU COLLEGE;17000;LA ROCHELLE|La Rochelle, France|46.160329|-1.151139
331|0|2;Rue COLLOT D'HERBOIS;17000;LA ROCHELLE|La Rochelle, France|46.160329|-1.151139
332|0|16;Avenue DE COLMAR;17000;LA ROCHELLE|La Rochelle, France|46.160329|-1.151139
333|0|1;Rue DU COLOMBIER;17000;LA ROCHELLE|La Rochelle, France|46.160329|-1.151139
334|0|1;Rue DU COLOMBIER;17000;LA ROCHELLE|La Rochelle, France|46.160329|-1.151139
335|0|63;Avenue DU COLONEL VICTOR MENARD;17000;LA ROCHELLE|La Rochelle, France|46.160329|-1.151139
336|0|24;Rue DU COMMANDANT CALLOT;17000;LA ROCHELLE|La Rochelle, France|46.160329|-1.151139
337|0|39;Rue DU COMMANDANT L'HERMINIER;17000;LA ROCHELLE|La Rochelle, France|46.160329|-1.151139
338|0|24;Rue DU COMMANDANT L'HERMINIER;17000;LA ROCHELLE|La Rochelle, France|46.160329|-1.151139
339|0|6;Rue DE LA COMMUNE;17000;LA ROCHELLE|La Rochelle, France|46.160329|-1.151139
340|0|3;Rue COMTE DE NICE;17000;LA ROCHELLE|La Rochelle, France|46.160329|-1.151139
341|0|14;Rue COMTE DE NICE;17000;LA ROCHELLE|La Rochelle, France|46.160329|-1.151139
342|0|5;Rue DE LA CONVENTION;17000;LA ROCHELLE|La Rochelle, France|46.160329|-1.151139
343|0|3;Rue DE LA CONVENTION;17000;LA ROCHELLE|La Rochelle, France|46.160329|-1.151139
344|0|5;Rue DE LA CONVENTION;17000;LA ROCHELLE|La Rochelle, France|46.160329|-1.151139
345|0|5;Rue DE LA CONVENTION;17000;LA ROCHELLE|La Rochelle, France|46.160329|-1.151139
346|0|1;Rue DE LA CONVENTION;17000;LA ROCHELLE|La Rochelle, France|46.160329|-1.151139
347|0|5;Rue DE LA CONVENTION;17000;LA ROCHELLE|La Rochelle, France|46.160329|-1.151139
348|0|1;Avenue DE COPENHAGUE;17000;LA ROCHELLE|La Rochelle, France|46.160329|-1.151139
349|0|1;Avenue DE COPENHAGUE;17000;LA ROCHELLE|La Rochelle, France|46.160329|-1.151139
350|0|75;Avenue DES CORDELIERS;17000;LA ROCHELLE|La Rochelle, France|46.160329|-1.151139
361|0|43;Rue DU CORDOUAN;17000;LA ROCHELLE|La Rochelle, France|46.160329|-1.151139
362|0|10;Rue DU CORDOUAN;17000;LA ROCHELLE|La Rochelle, France|46.160329|-1.151139
363|0|15;Rue DU CORDOUAN;17000;LA ROCHELLE|La Rochelle, France|46.160329|-1.151139
364|0|23;Rue DU CORDOUAN;17000;LA ROCHELLE|La Rochelle, France|46.160329|-1.151139
365|0|18;Avenue DES CORSAIRES;17000;LA ROCHELLE|La Rochelle, France|46.160329|-1.151139
366|0|38;Avenue DES CORSAIRES;17000;LA ROCHELLE|La Rochelle, France|46.160329|-1.151139
367|0|35;Avenue DES CORSAIRES;17000;LA ROCHELLE|La Rochelle, France|46.160329|-1.151139
368|0|105;Rue DE COUREILLES;17000;LA ROCHELLE|La Rochelle, France|46.160329|-1.151139
369|0|111;Rue DE COUREILLES;17000;LA ROCHELLE|La Rochelle, France|46.160329|-1.151139
370|0|111;Rue DE COUREILLES;17000;LA ROCHELLE|La Rochelle, France|46.160329|-1.151139
371|0|105;Rue DE COUREILLES;17000;LA ROCHELLE|La Rochelle, France|46.160329|-1.151139
372|0|117;Rue DE COUREILLES;17000;LA ROCHELLE|La Rochelle, France|46.160329|-1.151139
373|0|4;Rue DE LA CRECHE;17000;LA ROCHELLE|La Rochelle, France|46.160329|-1.151139
374|0|8;Rue DES CREUSES;17000;LA ROCHELLE|La Rochelle, France|46.160329|-1.151139
375|0|5;Impasse DES CYPRES;17000;LA ROCHELLE|La Rochelle, France|46.160329|-1.151139
376|0|5;Rue DES DAHLIAS;17000;LA ROCHELLE|La Rochelle, France|46.160329|-1.151139
377|0|26;Cours DAME HILAIRE;17000;LA ROCHELLE|La Rochelle, France|46.160329|-1.151139
378|0|32;Cours DAME HILAIRE;17000;LA ROCHELLE|La Rochelle, France|46.160329|-1.151139
379|0|26;Cours DAME HILAIRE;17000;LA ROCHELLE|La Rochelle, France|46.160329|-1.151139
380|0|26;Cours DAME HILAIRE;17000;LA ROCHELLE|La Rochelle, France|46.160329|-1.151139
381|0|20;Cours DAME HILAIRE;17000;LA ROCHELLE|La Rochelle, France|46.160329|-1.151139
382|0|20;Cours DAME HILAIRE;17000;LA ROCHELLE|La Rochelle, France|46.160329|-1.151139
393|0|26;Cours DAME HILAIRE;17000;LA ROCHELLE|La Rochelle, France|46.160329|-1.151139
394|0|10;Cours DAME HILAIRE;17000;LA ROCHELLE|La Rochelle, France|46.160329|-1.151139
395|0|34;Cours DAME HILAIRE;17000;LA ROCHELLE|La Rochelle, France|46.160329|-1.151139
396|0|38;Cours DAME HILAIRE;17000;LA ROCHELLE|La Rochelle, France|46.160329|-1.151139
397|0|4;Cours DAME HILAIRE;17000;LA ROCHELLE|La Rochelle, France|46.160329|-1.151139
398|0|24;Cours DAME HILAIRE;17000;LA ROCHELLE|La Rochelle, France|46.160329|-1.151139
399|0|4;Cours DAME HILAIRE;17000;LA ROCHELLE|La Rochelle, France|46.160329|-1.151139
400|0|17;Rue DES DAMES;17000;LA ROCHELLE|La Rochelle, France|46.160329|-1.151139
401|0|47;Avenue DANTON;17000;LA ROCHELLE|La Rochelle, France|46.160329|-1.151139
402|0|47;Avenue DANTON;17000;LA ROCHELLE|La Rochelle, France|46.160329|-1.151139
403|0|47;Avenue DANTON;17000;LA ROCHELLE|La Rochelle, France|46.160329|-1.151139
404|0|47;Avenue DANTON;17000;LA ROCHELLE|La Rochelle, France|46.160329|-1.151139
405|0|47;Avenue DANTON;17000;LA ROCHELLE|La Rochelle, France|46.160329|-1.151139
406|0|45;Avenue DANTON;17000;LA ROCHELLE|La Rochelle, France|46.160329|-1.151139
407|0|45;Avenue DANTON;17000;LA ROCHELLE|La Rochelle, France|46.160329|-1.151139
408|0|45;Avenue DANTON;17000;LA ROCHELLE|La Rochelle, France|46.160329|-1.151139
409|0|4;Avenue DANTON;17000;LA ROCHELLE|La Rochelle, France|46.160329|-1.151139
410|0|45;Avenue DANTON;17000;LA ROCHELLE|La Rochelle, France|46.160329|-1.151139
411|0|47;Avenue DANTON;17000;LA ROCHELLE|La Rochelle, France|46.160329|-1.151139
412|0|47;Avenue DANTON;17000;LA ROCHELLE|La Rochelle, France|46.160329|-1.151139
413|0|3;Rue DU DAUPHINE;17000;LA ROCHELLE|La Rochelle, France|46.160329|-1.151139
414|0|6;Rue DU DAUPHINE;17000;LA ROCHELLE|La Rochelle, France|46.160329|-1.151139
415|0|3;Rue DU DAUPHINE;17000;LA ROCHELLE|La Rochelle, France|46.160329|-1.151139
416|0|3;Rue DU DAUPHINE;17000;LA ROCHELLE|La Rochelle, France|46.160329|-1.151139
417|0|3;Rue DU DAUPHINE;17000;LA ROCHELLE|La Rochelle, France|46.160329|-1.151139
418|0|17;Rue DEBUSSY;17000;LA ROCHELLE|La Rochelle, France|46.160329|-1.151139
419|0|44;Rue DELABARRE;17000;LA ROCHELLE|La Rochelle, France|46.160329|-1.151139
420|0|61;Rue DELABARRE;17000;LA ROCHELLE|La Rochelle, France|46.160329|-1.151139
431|0|290;Avenue DENFERT ROCHEREAU;17000;LA ROCHELLE|La Rochelle, France|46.160329|-1.151139
432|0|233;Avenue DENFERT ROCHEREAU;17000;LA ROCHELLE|La Rochelle, France|46.160329|-1.151139
433|0|3;Avenue DENFERT ROCHEREAU;17000;LA ROCHELLE|La Rochelle, France|46.160329|-1.151139
434|0|300;Avenue DENFERT ROCHEREAU;17000;LA ROCHELLE|La Rochelle, France|46.160329|-1.151139
435|0|282;Avenue DENFERT ROCHEREAU;17000;LA ROCHELLE|La Rochelle, France|46.160329|-1.151139
436|0|177;Avenue DENFERT ROCHEREAU;17000;LA ROCHELLE|La Rochelle, France|46.160329|-1.151139
437|0|170;Avenue DENFERT ROCHEREAU;17000;LA ROCHELLE|La Rochelle, France|46.160329|-1.151139
438|0|264;Avenue DENFERT ROCHEREAU;17000;LA ROCHELLE|La Rochelle, France|46.160329|-1.151139
439|0|247;Avenue DENFERT ROCHEREAU;17000;LA ROCHELLE|La Rochelle, France|46.160329|-1.151139
440|0|293;Avenue DENFERT ROCHEREAU;17000;LA ROCHELLE|La Rochelle, France|46.160329|-1.151139
441|0|49;Avenue DENFERT ROCHEREAU;17000;LA ROCHELLE|La Rochelle, France|46.160329|-1.151139
442|0|270;Avenue DENFERT ROCHEREAU;17000;LA ROCHELLE|La Rochelle, France|46.160329|-1.151139
443|0|293;Avenue DENFERT ROCHEREAU;17000;LA ROCHELLE|La Rochelle, France|46.160329|-1.151139
444|0|37;Rue DENIS DE FRONSAC;17000;LA ROCHELLE|La Rochelle, France|46.160329|-1.151139
445|0|39;Rue DENIS DE FRONSAC;17000;LA ROCHELLE|La Rochelle, France|46.160329|-1.151139
446|0|37;Rue DENIS DE FRONSAC;17000;LA ROCHELLE|La Rochelle, France|46.160329|-1.151139
447|0|20;Rue DENIS PAPIN;17000;LA ROCHELLE|La Rochelle, France|46.160329|-1.151139
448|0|35 B;Rue DESAGULIERS;17000;LA ROCHELLE|La Rochelle, France|46.160329|-1.151139
449|0|25;Rue DE LA DESCENDERIE;17000;LA ROCHELLE|La Rochelle, France|46.160329|-1.151139
450|0|97;Rue DE LA DESCENDERIE;17000;LA ROCHELLE|La Rochelle, France|46.160329|-1.151139
451|0|8;Rue DE LA DESIRADE;17000;LA ROCHELLE|La Rochelle, France|46.160329|-1.151139
452|0|10;Rue DE LA DESIRADE;17000;LA ROCHELLE|La Rochelle, France|46.160329|-1.151139
453|0|18;Rue LA DESIREE;17000;LA ROCHELLE|La Rochelle, France|46.160329|-1.151139
454|0|11;Rue DU 19 MARS 1962;17000;LA ROCHELLE|La Rochelle, France|46.160329|-1.151139
455|0|5;Rue DOCTEUR CALMETTE;17000;LA ROCHELLE|La Rochelle, France|46.160329|-1.151139
456|0|17;Rue DU DOCTEUR DELETANT;17000;LA ROCHELLE|La Rochelle, France|46.160329|-1.151139
457|0|22;Rue DU DOCTEUR DELETANT;17000;LA ROCHELLE|La Rochelle, France|46.160329|-1.151139
458|0|12;Rue DOCTEUR JAMOT;17000;LA ROCHELLE|La Rochelle, France|46.160329|-1.151139
469|0|4;Rue DORIOLE;17000;LA ROCHELLE|La Rochelle, France|46.160329|-1.151139
470|0|24;Rue DU DUC;17000;LA ROCHELLE|La Rochelle, France|46.160329|-1.151139
471|0|24;Rue DU DUC;17000;LA ROCHELLE|La Rochelle, France|46.160329|-1.151139
472|0|5;Rue DU CERCEAU;17000;LA ROCHELLE|La Rochelle, France|46.160329|-1.151139
473|0|3;Rue DU CERCEAU;17000;LA ROCHELLE|La Rochelle, France|46.160329|-1.151139
474|0|18;Rue DUNANT;17000;LA ROCHELLE|La Rochelle, France|46.160329|-1.151139
475|0|18;Rue DUNANT;17000;LA ROCHELLE|La Rochelle, France|46.160329|-1.151139
476|0|24;Rue DUNANT;17000;LA ROCHELLE|La Rochelle, France|46.160329|-1.151139
477|0|7;Rue DUNANT;17000;LA ROCHELLE|La Rochelle, France|46.160329|-1.151139
478|0|22;Quai DUPERRE;17000;LA ROCHELLE|La Rochelle, France|46.160329|-1.151139
479|0|1;Rue DU PETIT THOUARS;17000;LA ROCHELLE|La Rochelle, France|46.160329|-1.151139
480|0|34;Rue DUPLEIX;17000;LA ROCHELLE|La Rochelle, France|46.160329|-1.151139
481|0|8;Rue ECHELLE CHAUVIN;17000;LA ROCHELLE|La Rochelle, France|46.160329|-1.151139
482|0|144;Avenue EDMOND GRASSET;17000;LA ROCHELLE|La Rochelle, France|46.160329|-1.151139
483|0|63;Avenue EDMOND GRASSET;17000;LA ROCHELLE|La Rochelle, France|46.160329|-1.151139
484|0|65;Avenue EDMOND GRASSET;17000;LA ROCHELLE|La Rochelle, France|46.160329|-1.151139
485|0|;Avenue EDMOND GRASSET;17000;LA ROCHELLE|La Rochelle, France|46.160329|-1.151139
486|0|63 TER;Avenue EDMOND GRASSET;17000;LA ROCHELLE|La Rochelle, France|46.160329|-1.151139
487|0|3;Rue EDOUARD VAILLANT;17000;LA ROCHELLE|La Rochelle, France|46.160329|-1.151139
488|0|1;Rue EDOUARD BRANLY;17000;LA ROCHELLE|La Rochelle, France|46.160329|-1.151139
489|0|5;Rue EDOUARD BRANLY;17000;LA ROCHELLE|La Rochelle, France|46.160329|-1.151139
490|0|5;Rue EDOUARD BRANLY;17000;LA ROCHELLE|La Rochelle, France|46.160329|-1.151139
501|0|40;Boulevard EMILE DELMAS;17000;LA ROCHELLE|La Rochelle, France|46.160329|-1.151139
502|0|26;Rue EMILE EUDES;17000;LA ROCHELLE|La Rochelle, France|46.160329|-1.151139
503|0|6;Rue EMILE EUDES;17000;LA ROCHELLE|La Rochelle, France|46.160329|-1.151139
504|0|2;Rue EMILE EUDES;17000;LA ROCHELLE|La Rochelle, France|46.160329|-1.151139
505|0|1;Impasse EMILE MAFFEIS;17000;LA ROCHELLE|La Rochelle, France|46.160329|-1.151139
506|0|203;Rue EMILE NORMANDIN;17000;LA ROCHELLE|La Rochelle, France|46.160329|-1.151139
507|0|203;Rue EMILE NORMANDIN;17000;LA ROCHELLE|La Rochelle, France|46.160329|-1.151139
508|0|12 BIS;Rue EMILE NORMANDIN;17000;LA ROCHELLE|La Rochelle, France|46.160329|-1.151139
509|0|18;Rue EMILE PICARD;17000;LA ROCHELLE|La Rochelle, France|46.160329|-1.151139
510|0|18;Rue EMILE PICARD;17000;LA ROCHELLE|La Rochelle, France|46.160329|-1.151139
511|0|14bis;Rue EMILE RACAUD;17000;LA ROCHELLE|La Rochelle, France|46.160329|-1.151139
512|0|14bis;Rue EMILE RACAUD;17000;LA ROCHELLE|La Rochelle, France|46.160329|-1.151139
513|0|28 BIS;Rue EMILE RACAUD;17000;LA ROCHELLE|La Rochelle, France|46.160329|-1.151139
514|0|28 BIS;Rue EMILE RACAUD;17000;LA ROCHELLE|La Rochelle, France|46.160329|-1.151139
515|0|52;Rue EMILE RACAUD;17000;LA ROCHELLE|La Rochelle, France|46.160329|-1.151139
516|0|26;Rue EMILE VERHAEREN;17000;LA ROCHELLE|La Rochelle, France|46.160329|-1.151139
517|0|36;Rue EMILE VERHAEREN;17000;LA ROCHELLE|La Rochelle, France|46.160329|-1.151139
518|0|1;Rue EMILE VICTOR DUVAL;17000;LA ROCHELLE|La Rochelle, France|46.160329|-1.151139
519|0|28;Rue ENRICO FERMI;17000;LA ROCHELLE|La Rochelle, France|46.160329|-1.151139
520|0|38;Rue ENRICO FERMI;17000;LA ROCHELLE|La Rochelle, France|46.160329|-1.151139
521|0|38;Rue ENRICO FERMI;17000;LA ROCHELLE|La Rochelle, France|46.160329|-1.151139
522|0|5;Rue DE L'ERMITAGE;17000;LA ROCHELLE|La Rochelle, France|46.160329|-1.151139
523|0|1;Rue DE L'ERMITAGE;17000;LA ROCHELLE|La Rochelle, France|46.160329|-1.151139
524|0|8;Rue DE L'ERMITAGE;17000;LA ROCHELLE|La Rochelle, France|46.160329|-1.151139
535|0|5;Rue ERNEST MEISSONNIER;17000;LA ROCHELLE|La Rochelle, France|46.160329|-1.151139
536|0|3 BIS;Rue ERNEST MEISSONNIER;17000;LA ROCHELLE|La Rochelle, France|46.160329|-1.151139
537|0|5 BIS;Rue ERNEST MEISSONNIER;17000;LA ROCHELLE|La Rochelle, France|46.160329|-1.151139
538|0|1;Rue ERNEST MEISSONNIER;17000;LA ROCHELLE|La Rochelle, France|46.160329|-1.151139
539|0|1;Rue ERNEST MEISSONNIER;17000;LA ROCHELLE|La Rochelle, France|46.160329|-1.151139
540|0|5B;Rue ERNEST MEISSONNIER;17000;LA ROCHELLE|La Rochelle, France|46.160329|-1.151139
541|0|5bis;Rue ERNEST MEISSONNIER;17000;LA ROCHELLE|La Rochelle, France|46.160329|-1.151139
542|0|3;Rue ERNEST MEISSONNIER;17000;LA ROCHELLE|La Rochelle, France|46.160329|-1.151139
543|0|1 BIS;Rue ERNEST MEISSONNIER;17000;LA ROCHELLE|La Rochelle, France|46.160329|-1.151139
544|0|3 bis;Rue ERNEST MEISSONNIER;17000;LA ROCHELLE|La Rochelle, France|46.160329|-1.151139
545|0|12;Rue DE L'ESCALE;17000;LA ROCHELLE|La Rochelle, France|46.160329|-1.151139
546|0|9;Rue DE L'ESCALE;17000;LA ROCHELLE|La Rochelle, France|46.160329|-1.151139
547|0|17;Rue ETIENNE GIRARD;17000;LA ROCHELLE|La Rochelle, France|46.160329|-1.151139
548|0|17;Rue EUGENE DECOUT;17000;LA ROCHELLE|La Rochelle, France|46.160329|-1.151139
549|0|7;Rue EUGENE LABICHE;17000;LA ROCHELLE|La Rochelle, France|46.160329|-1.151139
550|0|9;Rue EUGENE LABICHE;17000;LA ROCHELLE|La Rochelle, France|46.160329|-1.151139
551|0|9;Rue EUGENE LABICHE;17000;LA ROCHELLE|La Rochelle, France|46.160329|-1.151139
552|0|7;Rue EUGENE LABICHE;17000;LA ROCHELLE|La Rochelle, France|46.160329|-1.151139
553|0|5;Rue EUGENE LABICHE;17000;LA ROCHELLE|La Rochelle, France|46.160329|-1.151139
564|0|26;Place DE L'EUROPE;17000;LA ROCHELLE|La Rochelle, France|46.160329|-1.151139
565|0|26;Place DE L'EUROPE;17000;LA ROCHELLE|La Rochelle, France|46.160329|-1.151139
566|0|2;Passage DE L'EUROPE;17000;LA ROCHELLE|La Rochelle, France|46.160329|-1.151139
567|0|2;Passage DE L'EUROPE;17000;LA ROCHELLE|La Rochelle, France|46.160329|-1.151139
568|0|2;Passage DE L'EUROPE;17000;LA ROCHELLE|La Rochelle, France|46.160329|-1.151139
569|0|20;Passage DE L'EUROPE;17000;LA ROCHELLE|La Rochelle, France|46.160329|-1.151139
570|0|24;Passage DE L'EUROPE;17000;LA ROCHELLE|La Rochelle, France|46.160329|-1.151139
571|0|2;Passage DE L'EUROPE;17000;LA ROCHELLE|La Rochelle, France|46.160329|-1.151139
572|0|8;Rue DE L'EVESCOT;17000;LA ROCHELLE|La Rochelle, France|46.160329|-1.151139
573|0|18;Rue FELIX PYAT;17000;LA ROCHELLE|La Rochelle, France|46.160329|-1.151139
574|0|23;Rue FELIX PYAT;17000;LA ROCHELLE|La Rochelle, France|46.160329|-1.151139
575|0|29;Rue DE FALAISE;17000;LA ROCHELLE|La Rochelle, France|46.160329|-1.151139
576|0|29;Rue DE FALAISE;17000;LA ROCHELLE|La Rochelle, France|46.160329|-1.151139
577|0|4;Rue FELIX BRIDAULT;17000;LA ROCHELLE|La Rochelle, France|46.160329|-1.151139
578|0|13;Rue FELIX BRIDAULT;17000;LA ROCHELLE|La Rochelle, France|46.160329|-1.151139
579|0|2;Square DES FAUVETTES;17000;LA ROCHELLE|La Rochelle, France|46.160329|-1.151139
580|0|1;Rue FELIX BRAQUEMOND;17000;LA ROCHELLE|La Rochelle, France|46.160329|-1.151139
581|0|7;Rue DE FERRIERES;17000;LA ROCHELLE|La Rochelle, France|46.160329|-1.151139
582|0|2;Rue DE FERRIERES;17000;LA ROCHELLE|La Rochelle, France|46.160329|-1.151139
583|0|79 TER;Avenue DE FETILLY;17000;LA ROCHELLE|La Rochelle, France|46.160329|-1.151139
584|0|87;Avenue DE FETILLY;17000;LA ROCHELLE|La Rochelle, France|46.160329|-1.151139
585|0|10 BIS;Rue DES FEUILLES;17000;LA ROCHELLE|La Rochelle, France|46.160329|-1.151139
586|0|;Rue FEVRIER;17000;LA ROCHELLE|La Rochelle, France|46.160329|-1.151139
587|0|24;Rue DE LA FILATURE;17000;LA ROCHELLE|La Rochelle, France|46.160329|-1.151139
598|0|8;Rue FRANCK ANCELIN;17000;LA ROCHELLE|La Rochelle, France|46.160329|-1.151139
599|0|4;Rue FRANCK DELMAS;17000;LA ROCHELLE|La Rochelle, France|46.160329|-1.151139
600|0|24;Rue FRANCK DELMAS;17000;LA ROCHELLE|La Rochelle, France|46.160329|-1.151139
601|0|24;Rue FRANCK DELMAS;17000;LA ROCHELLE|La Rochelle, France|46.160329|-1.151139
602|0|;Rue FRANCK GARDES;17000;LA ROCHELLE|La Rochelle, France|46.160329|-1.151139
603|0|4;Rue FRANCOIS ARAGO;17000;LA ROCHELLE|La Rochelle, France|46.160329|-1.151139
604|0|4;Rue FRANCOIS BOUCHER;17000;LA ROCHELLE|La Rochelle, France|46.160329|-1.151139
605|0|4;Rue FRANCOIS BOUCHER;17000;LA ROCHELLE|La Rochelle, France|46.160329|-1.151139
606|0|2;Rue FRANCOIS BOUCHER;17000;LA ROCHELLE|La Rochelle, France|46.160329|-1.151139
607|0|6;Rue FRANCOIS MILLET;17000;LA ROCHELLE|La Rochelle, France|46.160329|-1.151139
608|0|4;Rue FRANCOIS MILLET;17000;LA ROCHELLE|La Rochelle, France|46.160329|-1.151139
609|0|4;Rue FRANCOIS RUDE;17000;LA ROCHELLE|La Rochelle, France|46.160329|-1.151139
610|0|6;Rue FRANCOIS RUDE;17000;LA ROCHELLE|La Rochelle, France|46.160329|-1.151139
611|0|6;Rue FRANCOIS RUDE;17000;LA ROCHELLE|La Rochelle, France|46.160329|-1.151139
612|0|11;Rue DES FRENES;17000;LA ROCHELLE|La Rochelle, France|46.160329|-1.151139
613|0|13 A;Rue DES FRENES;17000;LA ROCHELLE|La Rochelle, France|46.160329|-1.151139
614|0|68;Rue DES FRENES;17000;LA ROCHELLE|La Rochelle, France|46.160329|-1.151139
615|0|24;Rue DES FRENES;17000;LA ROCHELLE|La Rochelle, France|46.160329|-1.151139
616|0|56;Rue DES FRERES JOUSSEAUME;17000;LA ROCHELLE|La Rochelle, France|46.160329|-1.151139
617|0|49;Rue DES FRERES JOUSSEAUME;17000;LA ROCHELLE|La Rochelle, France|46.160329|-1.151139
618|0|10;Rue DES FRERES LUMIERE;17000;LA ROCHELLE|La Rochelle, France|46.160329|-1.151139
629|0|15;Rue GARGOULLEAU;17000;LA ROCHELLE|La Rochelle, France|46.160329|-1.151139
630|0|20;Rue GARGOULLEAU;17000;LA ROCHELLE|La Rochelle, France|46.160329|-1.151139
631|0|7;Rue GASTON PERIER;17000;LA ROCHELLE|La Rochelle, France|46.160329|-1.151139
632|0|5;Rue GASTON PERIER;17000;LA ROCHELLE|La Rochelle, France|46.160329|-1.151139
633|0|1;Rue DU GENERAL D'AMADE;17000;LA ROCHELLE|La Rochelle, France|46.160329|-1.151139
634|0|28;Rue GENERAL DE CASTELNAU;17000;LA ROCHELLE|La Rochelle, France|46.160329|-1.151139
635|0|24;Rue GENERAL DE CASTELNAU;17000;LA ROCHELLE|La Rochelle, France|46.160329|-1.151139
636|0|49;Rue DU GENERAL DUMONT;17000;LA ROCHELLE|La Rochelle, France|46.160329|-1.151139
637|0|32;Rue DU GENERAL DUMONT;17000;LA ROCHELLE|La Rochelle, France|46.160329|-1.151139
638|0|49;Rue DU GENERAL DUMONT;17000;LA ROCHELLE|La Rochelle, France|46.160329|-1.151139
639|0|49;Rue DU GENERAL DUMONT;17000;LA ROCHELLE|La Rochelle, France|46.160329|-1.151139
640|0|41;Rue DU GENERAL DUMONT;17000;LA ROCHELLE|La Rochelle, France|46.160329|-1.151139
641|0|30;Rue DU GENERAL DUMONT;17000;LA ROCHELLE|La Rochelle, France|46.160329|-1.151139
652|0|23;Avenue GENERAL LECLERC;17000;LA ROCHELLE|La Rochelle, France|46.160329|-1.151139
653|0|29;Avenue GENERAL MANGIN;17000;LA ROCHELLE|La Rochelle, France|46.160329|-1.151139
654|0|41;Rue GENERAL SARRAIL;17000;LA ROCHELLE|La Rochelle, France|46.160329|-1.151139
655|0|41;Rue GENERAL SARRAIL;17000;LA ROCHELLE|La Rochelle, France|46.160329|-1.151139
656|0|13;Rue DES GENTILSHOMMES;17000;LA ROCHELLE|La Rochelle, France|46.160329|-1.151139
657|0|13;Rue DES GENTILSHOMMES;17000;LA ROCHELLE|La Rochelle, France|46.160329|-1.151139
658|0|13;Rue DES GENTILSHOMMES;17000;LA ROCHELLE|La Rochelle, France|46.160329|-1.151139
659|0|2;Rue GEORGES DUPOUY;17000;LA ROCHELLE|La Rochelle, France|46.160329|-1.151139
660|0|25;Rue GEORGES PRUDHOMME;17000;LA ROCHELLE|La Rochelle, France|46.160329|-1.151139
661|0|25;Rue GEORGES PRUDHOMME;17000;LA ROCHELLE|La Rochelle, France|46.160329|-1.151139
662|0|8;Rue GERMAIN SOUFFLOT;17000;LA ROCHELLE|La Rochelle, France|46.160329|-1.151139
663|0|8;Rue GERMAIN SOUFFLOT;17000;LA ROCHELLE|La Rochelle, France|46.160329|-1.151139
664|0|1;Rue GERMINAL;17000;LA ROCHELLE|La Rochelle, France|46.160329|-1.151139
665|0|1;Rue GERMINAL;17000;LA ROCHELLE|La Rochelle, France|46.160329|-1.151139
666|0|29;Rue GILL;17000;LA ROCHELLE|La Rochelle, France|46.160329|-1.151139
667|0|31;Rue DES GIRONDINS;17000;LA ROCHELLE|La Rochelle, France|46.160329|-1.151139
668|0|19;Rue DES GLACIS;17000;LA ROCHELLE|La Rochelle, France|46.160329|-1.151139
669|0|19;Rue DES GLACIS;17000;LA ROCHELLE|La Rochelle, France|46.160329|-1.151139
680|0|10;Avenue DES GRANDES VARENNES;17000;LA ROCHELLE|La Rochelle, France|46.160329|-1.151139
681|0|14;Avenue DES GRANDES VARENNES;17000;LA ROCHELLE|La Rochelle, France|46.160329|-1.151139
682|0|24;Avenue DES GRANDES VARENNES;17000;LA ROCHELLE|La Rochelle, France|46.160329|-1.151139
683|0|12;Avenue DES GRANDES VARENNES;17000;LA ROCHELLE|La Rochelle, France|46.160329|-1.151139
684|0|20;Avenue DES GRANDES VARENNES;17000;LA ROCHELLE|La Rochelle, France|46.160329|-1.151139
685|0|16;Avenue DES GRANDES VARENNES;17000;LA ROCHELLE|La Rochelle, France|46.160329|-1.151139
686|0|38;Avenue DES GRANDES VARENNES;17000;LA ROCHELLE|La Rochelle, France|46.160329|-1.151139
687|0|38;Avenue DES GRANDES VARENNES;17000;LA ROCHELLE|La Rochelle, France|46.160329|-1.151139
688|0|38;Avenue DES GRANDES VARENNES;17000;LA ROCHELLE|La Rochelle, France|46.160329|-1.151139
689|0|17;Avenue DES GRANDES VARENNES;17000;LA ROCHELLE|La Rochelle, France|46.160329|-1.151139
690|0|12;Avenue DES GRANDES VARENNES;17000;LA ROCHELLE|La Rochelle, France|46.160329|-1.151139
691|0|18;Avenue DES GRANDES VARENNES;17000;LA ROCHELLE|La Rochelle, France|46.160329|-1.151139
692|0|10;Avenue DES GRANDES VARENNES;17000;LA ROCHELLE|La Rochelle, France|46.160329|-1.151139
693|0|8;Rue DES GRENADINES;17000;LA ROCHELLE|La Rochelle, France|46.160329|-1.151139
694|0|2;Rue DES GRENADINES;17000;LA ROCHELLE|La Rochelle, France|46.160329|-1.151139
695|0|3;Rue DES GRENADINES;17000;LA ROCHELLE|La Rochelle, France|46.160329|-1.151139
696|0|4;Rue DES GRENADINES;17000;LA ROCHELLE|La Rochelle, France|46.160329|-1.151139
697|0|7;Rue DES GRENADINES;17000;LA ROCHELLE|La Rochelle, France|46.160329|-1.151139
708|0|24;Rue GUSTAVE DECHEZEAUX;17000;LA ROCHELLE|La Rochelle, France|46.160329|-1.151139
709|0|57;Rue GUSTAVE FLOURENS;17000;LA ROCHELLE|La Rochelle, France|46.160329|-1.151139
710|0|2;Rue GUSTAVE PERREAU;17000;LA ROCHELLE|La Rochelle, France|46.160329|-1.151139
711|0|27;Rue GUSTAVE PERREAU;17000;LA ROCHELLE|La Rochelle, France|46.160329|-1.151139
712|0|6;Square GUSTAVE PERREAU;17000;LA ROCHELLE|La Rochelle, France|46.160329|-1.151139
713|0|1 BIS;Rue GUYNEMER;17000;LA ROCHELLE|La Rochelle, France|46.160329|-1.151139
714|0|46;Rue DES HALLES;17000;LA ROCHELLE|La Rochelle, France|46.160329|-1.151139
715|0|24;Rue DES HALLES;17000;LA ROCHELLE|La Rochelle, France|46.160329|-1.151139
716|0|7;Avenue HELSINKI;17000;LA ROCHELLE|La Rochelle, France|46.160329|-1.151139
717|0|4;Rue HENRI BASSE;17000;LA ROCHELLE|La Rochelle, France|46.160329|-1.151139
718|0|16;Rue HENRI BASSE;17000;LA ROCHELLE|La Rochelle, France|46.160329|-1.151139
719|0|16 TER;Rue HENRI CRESPIN;17000;LA ROCHELLE|La Rochelle, France|46.160329|-1.151139
730|0|11;Rue HENRI IV;17000;LA ROCHELLE|La Rochelle, France|46.160329|-1.151139
731|0|8;Rue HERAULT DE SECHELLES;17000;LA ROCHELLE|La Rochelle, France|46.160329|-1.151139
732|0|6;Rue HERAULT DE SECHELLES;17000;LA ROCHELLE|La Rochelle, France|46.160329|-1.151139
733|0|8;Rue HERAULT DE SECHELLES;17000;LA ROCHELLE|La Rochelle, France|46.160329|-1.151139
734|0|8;Rue HERAULT DE SECHELLES;17000;LA ROCHELLE|La Rochelle, France|46.160329|-1.151139
735|0|4;Rue HERAULT DE SECHELLES;17000;LA ROCHELLE|La Rochelle, France|46.160329|-1.151139
736|0|8;Rue HERAULT DE SECHELLES;17000;LA ROCHELLE|La Rochelle, France|46.160329|-1.151139
737|0|4;Rue HERAULT DE SECHELLES;17000;LA ROCHELLE|La Rochelle, France|46.160329|-1.151139
738|0|2;Rue HERAULT DE SECHELLES;17000;LA ROCHELLE|La Rochelle, France|46.160329|-1.151139
739|0|15;Rue DE L'HERMIONE;17000;LA ROCHELLE|La Rochelle, France|46.160329|-1.151139
740|0|8;Rue HONORE DE BALZAC;17000;LA ROCHELLE|La Rochelle, France|46.160329|-1.151139
741|0|21;Rue DE L'INFANTERIE;17000;LA ROCHELLE|La Rochelle, France|46.160329|-1.151139
742|0|18;Rue DE L'INFANTERIE;17000;LA ROCHELLE|La Rochelle, France|46.160329|-1.151139
743|0|16;Rue DE L'INFANTERIE;17000;LA ROCHELLE|La Rochelle, France|46.160329|-1.151139
744|0|26 TER;Rue JACQUES CHARLES;17000;LA ROCHELLE|La Rochelle, France|46.160329|-1.151139
745|0|14 D;Rue JACQUES CHARLES;17000;LA ROCHELLE|La Rochelle, France|46.160329|-1.151139
746|0|45;Rue JACQUES HENRY;17000;LA ROCHELLE|La Rochelle, France|46.160329|-1.151139
747|0|45;Rue JACQUES HENRY;17000;LA ROCHELLE|La Rochelle, France|46.160329|-1.151139
748|0|33;Rue JACQUES HENRY;17000;LA ROCHELLE|La Rochelle, France|46.160329|-1.151139
769|0|3;Rue JEAN BAPTISTE SAY;17000;LA ROCHELLE|La Rochelle, France|46.160329|-1.151139
770|0|3;Rue JEAN BAPTISTE SAY;17000;LA ROCHELLE|La Rochelle, France|46.160329|-1.151139
771|0|30;Rue JEAN BOUCHE;17000;LA ROCHELLE|La Rochelle, France|46.160329|-1.151139
772|0|12;Rue JEAN BOUCHE;17000;LA ROCHELLE|La Rochelle, France|46.160329|-1.151139
773|0|24;Rue JEAN EFFEL;17000;LA ROCHELLE|La Rochelle, France|46.160329|-1.151139
774|0|24;Rue JEAN EFFEL;17000;LA ROCHELLE|La Rochelle, France|46.160329|-1.151139
775|0|24;Rue JEAN EFFEL;17000;LA ROCHELLE|La Rochelle, France|46.160329|-1.151139
776|0|6;Rue JEAN FRANCOIS CHALGRIN;17000;LA ROCHELLE|La Rochelle, France|46.160329|-1.151139
777|0|4;Rue JEAN GIONO;17000;LA ROCHELLE|La Rochelle, France|46.160329|-1.151139
778|0|70;Rue JEAN GODEFROY;17000;LA ROCHELLE|La Rochelle, France|46.160329|-1.151139
779|0|243;Avenue JEAN GUITON;17000;LA ROCHELLE|La Rochelle, France|46.160329|-1.151139
780|0|164;Avenue JEAN GUITON;17000;LA ROCHELLE|La Rochelle, France|46.160329|-1.151139
781|0|28;Avenue JEAN GUITON;17000;LA ROCHELLE|La Rochelle, France|46.160329|-1.151139
782|0|169;Avenue JEAN GUITON;17000;LA ROCHELLE|La Rochelle, France|46.160329|-1.151139
793|0|23;Rue JEAN HAY;17000;LA ROCHELLE|La Rochelle, France|46.160329|-1.151139
794|0|4;Rue JEAN HAY;17000;LA ROCHELLE|La Rochelle, France|46.160329|-1.151139
795|0|7;Rue JEAN HAY;17000;LA ROCHELLE|La Rochelle, France|46.160329|-1.151139
796|0|2;Rue JEAN HONORE FRAGONARD;17000;LA ROCHELLE|La Rochelle, France|46.160329|-1.151139
797|0|2;Rue JEAN HONORE FRAGONARD;17000;LA ROCHELLE|La Rochelle, France|46.160329|-1.151139
798|0|2;Rue JEAN HONORE FRAGONARD;17000;LA ROCHELLE|La Rochelle, France|46.160329|-1.151139
799|0|40;Rue JEAN JACQUES ROUSSEAU;17000;LA ROCHELLE|La Rochelle, France|46.160329|-1.151139
800|0|44;Rue JEAN JACQUES ROUSSEAU;17000;LA ROCHELLE|La Rochelle, France|46.160329|-1.151139
801|0|17;Rue JEAN JACQUES ROUSSEAU;17000;LA ROCHELLE|La Rochelle, France|46.160329|-1.151139
802|0|14;Rue JEAN MERMOZ;17000;LA ROCHELLE|La Rochelle, France|46.160329|-1.151139
803|0|4;Rue JEAN PIERRE BLANCHARD;17000;LA ROCHELLE|La Rochelle, France|46.160329|-1.151139
804|0|6;Rue JEAN PIERRE BLANCHARD;17000;LA ROCHELLE|La Rochelle, France|46.160329|-1.151139
815|0|4;Rue DE LA JOLIETTE;17000;LA ROCHELLE|La Rochelle, France|46.160329|-1.151139
816|0|5;Rue DES JONCS;17000;LA ROCHELLE|La Rochelle, France|46.160329|-1.151139
817|0|1 BIS;Rue JOURDAN;17000;LA ROCHELLE|La Rochelle, France|46.160329|-1.151139
818|0|52;Rue JOURDAN;17000;LA ROCHELLE|La Rochelle, France|46.160329|-1.151139
819|0|13;Rue JULES CHERET;17000;LA ROCHELLE|La Rochelle, France|46.160329|-1.151139
820|0|3;Rue JULES CHERET;17000;LA ROCHELLE|La Rochelle, France|46.160329|-1.151139
821|0|9;Rue JULES CHERET;17000;LA ROCHELLE|La Rochelle, France|46.160329|-1.151139
822|0|11;Rue JULES CHERET;17000;LA ROCHELLE|La Rochelle, France|46.160329|-1.151139
823|0|11;Rue JULES CHERET;17000;LA ROCHELLE|La Rochelle, France|46.160329|-1.151139
824|0|13;Rue JULES CHERET;17000;LA ROCHELLE|La Rochelle, France|46.160329|-1.151139
825|0|7;Rue JULES CHERET;17000;LA ROCHELLE|La Rochelle, France|46.160329|-1.151139
826|0|3;Rue JULES CHERET;17000;LA ROCHELLE|La Rochelle, France|46.160329|-1.151139
827|0|52;Rue JULES DALOU;17000;LA ROCHELLE|La Rochelle, France|46.160329|-1.151139
828|0|19;Rue JULES DALOU;17000;LA ROCHELLE|La Rochelle, France|46.160329|-1.151139
829|0|3;Rue JULES FERRY;17000;LA ROCHELLE|La Rochelle, France|46.160329|-1.151139
830|0|35;Rue JULES SIEGFRIED;17000;LA ROCHELLE|La Rochelle, France|46.160329|-1.151139
831|0|10;Rue JULES SIEGFRIED;17000;LA ROCHELLE|La Rochelle, France|46.160329|-1.151139
832|0|18;Rue JULES SIEGFRIED;17000;LA ROCHELLE|La Rochelle, France|46.160329|-1.151139
843|0|4;Rue LAMENNAIS;17000;LA ROCHELLE|La Rochelle, France|46.160329|-1.151139
844|0|8 BIS;Rue DE LA ROCHELLE;17000;LA ROCHELLE|La Rochelle, France|46.160329|-1.151139
845|0|3;Rue LA PEROUSE;17000;LA ROCHELLE|La Rochelle, France|46.160329|-1.151139
846|0|6;Rue LA PEROUSE;17000;LA ROCHELLE|La Rochelle, France|46.160329|-1.151139
847|0|6;Rue LA PEROUSE;17000;LA ROCHELLE|La Rochelle, France|46.160329|-1.151139
848|0|47;Avenue DU LAZARET;17000;LA ROCHELLE|La Rochelle, France|46.160329|-1.151139
849|0|15;Avenue DU LAZARET;17000;LA ROCHELLE|La Rochelle, France|46.160329|-1.151139
850|0|17;Avenue DU LAZARET;17000;LA ROCHELLE|La Rochelle, France|46.160329|-1.151139
851|0|7;Avenue DU LAZARET;17000;LA ROCHELLE|La Rochelle, France|46.160329|-1.151139
852|0|5;Avenue DU LAZARET;17000;LA ROCHELLE|La Rochelle, France|46.160329|-1.151139
853|0|5;Rue LEDRU ROLLIN;17000;LA ROCHELLE|La Rochelle, France|46.160329|-1.151139
854|0|9;Rue LEDRU ROLLIN;17000;LA ROCHELLE|La Rochelle, France|46.160329|-1.151139
855|0|3;Rue LEDRU ROLLIN;17000;LA ROCHELLE|La Rochelle, France|46.160329|-1.151139
856|0|3;Rue LEDRU ROLLIN;17000;LA ROCHELLE|La Rochelle, France|46.160329|-1.151139
857|0|5;Rue LEDRU ROLLIN;17000;LA ROCHELLE|La Rochelle, France|46.160329|-1.151139
868|0|24;Rue LEDRU ROLLIN;17000;LA ROCHELLE|La Rochelle, France|46.160329|-1.151139
869|0|2;Rue LEDRU ROLLIN;17000;LA ROCHELLE|La Rochelle, France|46.160329|-1.151139
870|0|3;Rue LEDRU ROLLIN;17000;LA ROCHELLE|La Rochelle, France|46.160329|-1.151139
871|0|3;Rue LEDRU ROLLIN;17000;LA ROCHELLE|La Rochelle, France|46.160329|-1.151139
872|0|9;Rue LEFEBVRE;17000;LA ROCHELLE|La Rochelle, France|46.160329|-1.151139
873|0|9;Rue LEFEBVRE;17000;LA ROCHELLE|La Rochelle, France|46.160329|-1.151139
874|0|14;Rue LEFEBVRE;17000;LA ROCHELLE|La Rochelle, France|46.160329|-1.151139
875|0|4;Rue LE LORRAIN;17000;LA ROCHELLE|La Rochelle, France|46.160329|-1.151139
876|0|4;Rue LE LORRAIN;17000;LA ROCHELLE|La Rochelle, France|46.160329|-1.151139
877|0|2;Rue LE MOYNE D'IBERVILLE;17000;LA ROCHELLE|La Rochelle, France|46.160329|-1.151139
878|0|4;Rue LE MOYNE D'IBERVILLE;17000;LA ROCHELLE|La Rochelle, France|46.160329|-1.151139
879|0|34;Rue LE MOYNE D'IBERVILLE;17000;LA ROCHELLE|La Rochelle, France|46.160329|-1.151139
880|0|15;Rue LEO LAGRANGE;17000;LA ROCHELLE|La Rochelle, France|46.160329|-1.151139
881|0|8;Rue LEO LAGRANGE;17000;LA ROCHELLE|La Rochelle, France|46.160329|-1.151139
882|0|4;Rue LEON JOUHAUX;17000;LA ROCHELLE|La Rochelle, France|46.160329|-1.151139
883|0|4;Rue LEON JOUHAUX;17000;LA ROCHELLE|La Rochelle, France|46.160329|-1.151139
884|0|14;Rue LEONCE MAILHO;17000;LA ROCHELLE|La Rochelle, France|46.160329|-1.151139
885|0|10;Rue LEONCE VIELJEUX;17000;LA ROCHELLE|La Rochelle, France|46.160329|-1.151139
896|0|20;Rue DU LIGNON;17000;LA ROCHELLE|La Rochelle, France|46.160329|-1.151139
897|0|41;Rue DU LIGNON;17000;LA ROCHELLE|La Rochelle, France|46.160329|-1.151139
898|0|48;Rue DU LIGNON;17000;LA ROCHELLE|La Rochelle, France|46.160329|-1.151139
899|0|32;Rue LOUIS BLANC;17000;LA ROCHELLE|La Rochelle, France|46.160329|-1.151139
900|0|7;Avenue LOUIS GUILLET;17000;LA ROCHELLE|La Rochelle, France|46.160329|-1.151139
901|0|11;Avenue LOUIS GUILLET;17000;LA ROCHELLE|La Rochelle, France|46.160329|-1.151139
902|0|5;Avenue LOUIS GUILLET;17000;LA ROCHELLE|La Rochelle, France|46.160329|-1.151139
903|0|7 BIS;Avenue LOUIS GUILLET;17000;LA ROCHELLE|La Rochelle, France|46.160329|-1.151139
904|0|5;Avenue LOUIS GUILLET;17000;LA ROCHELLE|La Rochelle, France|46.160329|-1.151139
905|0|7 BIS;Avenue LOUIS GUILLET;17000;LA ROCHELLE|La Rochelle, France|46.160329|-1.151139
906|0|5 BIS;Avenue LOUIS GUILLET;17000;LA ROCHELLE|La Rochelle, France|46.160329|-1.151139
907|0|3;Avenue LOUIS GUILLET;17000;LA ROCHELLE|La Rochelle, France|46.160329|-1.151139
908|0|5;Avenue LOUIS GUILLET;17000;LA ROCHELLE|La Rochelle, France|46.160329|-1.151139
919|0|2;Avenue DE LUXEMBOURG;17000;LA ROCHELLE|La Rochelle, France|46.160329|-1.151139
920|0|38;Avenue DE LUXEMBOURG;17000;LA ROCHELLE|La Rochelle, France|46.160329|-1.151139
921|0|30;Avenue DE LUXEMBOURG;17000;LA ROCHELLE|La Rochelle, France|46.160329|-1.151139
922|0|14;Avenue DE LUXEMBOURG;17000;LA ROCHELLE|La Rochelle, France|46.160329|-1.151139
923|0|16;Avenue DE LUXEMBOURG;17000;LA ROCHELLE|La Rochelle, France|46.160329|-1.151139
924|0|38;Avenue DE LUXEMBOURG;17000;LA ROCHELLE|La Rochelle, France|46.160329|-1.151139
925|0|17;Rue DU LYONNAIS;17000;LA ROCHELLE|La Rochelle, France|46.160329|-1.151139
926|0|17;Rue DU LYONNAIS;17000;LA ROCHELLE|La Rochelle, France|46.160329|-1.151139
927|0|76;Allée Montante DU MAIL (montante);17000;LA ROCHELLE|La Rochelle, France|46.160329|-1.151139
928|0|10;Rue DU MARAIS;17000;LA ROCHELLE|La Rochelle, France|46.160329|-1.151139
929|0|6;Quai DE MARANS;17000;LA ROCHELLE|La Rochelle, France|46.160329|-1.151139
930|0|4;Rue MARC SEGUIN;17000;LA ROCHELLE|La Rochelle, France|46.160329|-1.151139
931|0|10;Rue MARCEAU;17000;LA ROCHELLE|La Rochelle, France|46.160329|-1.151139
932|0|17;Rue MARCEL PAGNOL;17000;LA ROCHELLE|La Rochelle, France|46.160329|-1.151139
933|0|33;Rue MARCEL PAGNOL;17000;LA ROCHELLE|La Rochelle, France|46.160329|-1.151139
934|0|33;Rue MARCEL PAGNOL;17000;LA ROCHELLE|La Rochelle, France|46.160329|-1.151139
935|0|15;Rue DE LA MARCHE;17000;LA ROCHELLE|La Rochelle, France|46.160329|-1.151139
936|0|15;Rue DE LA MARCHE;17000;LA ROCHELLE|La Rochelle, France|46.160329|-1.151139
937|0|54;Rue MARE A LA BESSE;17000;LA ROCHELLE|La Rochelle, France|46.160329|-1.151139
938|0|52;Rue MARE A LA BESSE;17000;LA ROCHELLE|La Rochelle, France|46.160329|-1.151139
939|0|23;Avenue MARECHAL JUIN;17000;LA ROCHELLE|La Rochelle, France|46.160329|-1.151139
940|0|23;Avenue MARECHAL JUIN;17000;LA ROCHELLE|La Rochelle, France|46.160329|-1.151139
951|0|30;Boulevard MARECHAL LYAUTEY;17000;LA ROCHELLE|La Rochelle, France|46.160329|-1.151139
952|0|30;Boulevard MARECHAL LYAUTEY;17000;LA ROCHELLE|La Rochelle, France|46.160329|-1.151139
953|0|31;Boulevard MARECHAL LYAUTEY;17000;LA ROCHELLE|La Rochelle, France|46.160329|-1.151139
954|0|10;Impasse DU MARGAT;17000;LA ROCHELLE|La Rochelle, France|46.160329|-1.151139
955|0|35;Rue DU MARGAT;17000;LA ROCHELLE|La Rochelle, France|46.160329|-1.151139
956|0|35;Rue DU MARGAT;17000;LA ROCHELLE|La Rochelle, France|46.160329|-1.151139
957|0|2;Rue MARIE GALANTE;17000;LA ROCHELLE|La Rochelle, France|46.160329|-1.151139
958|0|4;Rue MARIE GALANTE;17000;LA ROCHELLE|La Rochelle, France|46.160329|-1.151139
959|0|275;Avenue MARILLAC;17000;LA ROCHELLE|La Rochelle, France|46.160329|-1.151139
960|0|84;Rue MARIUS LACROIX;17000;LA ROCHELLE|La Rochelle, France|46.160329|-1.151139
961|0|8;Rue MARIUS LACROIX;17000;LA ROCHELLE|La Rochelle, France|46.160329|-1.151139
962|0|166;Rue MARIUS LACROIX;17000;LA ROCHELLE|La Rochelle, France|46.160329|-1.151139
963|0|56;Rue MARIUS LACROIX;17000;LA ROCHELLE|La Rochelle, France|46.160329|-1.151139
964|0|158;Rue MARIUS LACROIX;17000;LA ROCHELLE|La Rochelle, France|46.160329|-1.151139
965|0|165;Rue MARIUS LACROIX;17000;LA ROCHELLE|La Rochelle, France|46.160329|-1.151139
966|0|29;Rue MARIUS LACROIX;17000;LA ROCHELLE|La Rochelle, France|46.160329|-1.151139
967|0|119;Rue MARIUS LACROIX;17000;LA ROCHELLE|La Rochelle, France|46.160329|-1.151139
968|0|86 TER;Rue MARIUS LACROIX;17000;LA ROCHELLE|La Rochelle, France|46.160329|-1.151139
969|0|15;Rue MASSENET;17000;LA ROCHELLE|La Rochelle, France|46.160329|-1.151139
970|0|16 BIS;Rue DES MATHIAS;17000;LA ROCHELLE|La Rochelle, France|46.160329|-1.151139
971|0|20;Rue DES MATHIAS;17000;LA ROCHELLE|La Rochelle, France|46.160329|-1.151139
972|0|16;Rue DES MATHIAS;17000;LA ROCHELLE|La Rochelle, France|46.160329|-1.151139
973|0|4;Rue MAURICE DE VLAMINCK;17000;LA ROCHELLE|La Rochelle, France|46.160329|-1.151139
974|0|64;Rue DES MERCIERS;17000;LA ROCHELLE|La Rochelle, France|46.160329|-1.151139
985|0|7;Avenue DE METZ;17000;LA ROCHELLE|La Rochelle, France|46.160329|-1.151139
986|0|12;Rue MICHELET;17000;LA ROCHELLE|La Rochelle, France|46.160329|-1.151139
987|0|20;Rue MICHELET;17000;LA ROCHELLE|La Rochelle, France|46.160329|-1.151139
988|0|;Avenue DES MINIMES;17000;LA ROCHELLE|La Rochelle, France|46.160329|-1.151139
989|0|11;Rue MIRABEAU;17000;LA ROCHELLE|La Rochelle, France|46.160329|-1.151139
990|0|11;Rue MIRABEAU;17000;LA ROCHELLE|La Rochelle, France|46.160329|-1.151139
991|0|;Rue MIRABEAU;17000;LA ROCHELLE|La Rochelle, France|46.160329|-1.151139
992|0|1;Rue MIRABEAU;17000;LA ROCHELLE|La Rochelle, France|46.160329|-1.151139
993|0|1;Rue MIRABEAU;17000;LA ROCHELLE|La Rochelle, France|46.160329|-1.151139
994|0|3;Rue MIRABEAU;17000;LA ROCHELLE|La Rochelle, France|46.160329|-1.151139
995|0|3;Rue MIRABEAU;17000;LA ROCHELLE|La Rochelle, France|46.160329|-1.151139
996|0|11;Rue MIRABEAU;17000;LA ROCHELLE|La Rochelle, France|46.160329|-1.151139
997|0|9;Rue MIRABEAU;17000;LA ROCHELLE|La Rochelle, France|46.160329|-1.151139
998|0|6;Rue MIRABEAU;17000;LA ROCHELLE|La Rochelle, France|46.160329|-1.151139
999|0|5;Rue MIRABEAU;17000;LA ROCHELLE|La Rochelle, France|46.160329|-1.151139
1000|0|11;Rue MIRABEAU;17000;LA ROCHELLE|La Rochelle, France|46.160329|-1.151139
1001|0|1;Rue MIRABEAU;17000;LA ROCHELLE|La Rochelle, France|46.160329|-1.151139
1002|0|5;Allée DE LA MISAINE;17000;LA ROCHELLE|La Rochelle, France|46.160329|-1.151139
1003|0|34;Rue DE MISSY;17000;LA ROCHELLE|La Rochelle, France|46.160329|-1.151139
1004|0|4;Rue DE MISSY;17000;LA ROCHELLE|La Rochelle, France|46.160329|-1.151139
1005|0|1;Rue MOLIERE;17000;LA ROCHELLE|La Rochelle, France|46.160329|-1.151139
1006|0|1;Rue DE LA MONNAIE;17000;LA ROCHELLE|La Rochelle, France|46.160329|-1.151139
1017|0|4;Avenue DE MOSCOU;17000;LA ROCHELLE|La Rochelle, France|46.160329|-1.151139
1018|0|10;Avenue DE MOSCOU;17000;LA ROCHELLE|La Rochelle, France|46.160329|-1.151139
1019|0|6;Avenue DE MOSCOU;17000;LA ROCHELLE|La Rochelle, France|46.160329|-1.151139
1020|0|6;Avenue DE MOSCOU;17000;LA ROCHELLE|La Rochelle, France|46.160329|-1.151139
1021|0|10;Avenue DE MOSCOU;17000;LA ROCHELLE|La Rochelle, France|46.160329|-1.151139
1022|0|4;Avenue DE MOSCOU;17000;LA ROCHELLE|La Rochelle, France|46.160329|-1.151139
1023|0|4;Avenue DE MOSCOU;17000;LA ROCHELLE|La Rochelle, France|46.160329|-1.151139
1024|0|8;Avenue DE MOSCOU;17000;LA ROCHELLE|La Rochelle, France|46.160329|-1.151139
1025|0|8;Avenue DE MOSCOU;17000;LA ROCHELLE|La Rochelle, France|46.160329|-1.151139
1026|0|8;Avenue DE MOSCOU;17000;LA ROCHELLE|La Rochelle, France|46.160329|-1.151139
1027|0|34;Rue MOULIN D'AMOUR;17000;LA ROCHELLE|La Rochelle, France|46.160329|-1.151139
1028|0|13;Impasse DU MOULIN D'AMOUR;17000;LA ROCHELLE|La Rochelle, France|46.160329|-1.151139
1029|0|5;Rue DU MOULIN DE BEL AIR;17000;LA ROCHELLE|La Rochelle, France|46.160329|-1.151139
1030|0|12;Square MOULIN DE LA FREIZILLERE;17000;LA ROCHELLE|La Rochelle, France|46.160329|-1.151139
1031|0|60 BIS;Rue MOULIN DE LA MOZAY;17000;LA ROCHELLE|La Rochelle, France|46.160329|-1.151139
1032|0|45;Rue MOULIN DE LA MOZAY;17000;LA ROCHELLE|La Rochelle, France|46.160329|-1.151139
1033|0|45;Rue MOULIN DE LA MOZAY;17000;LA ROCHELLE|La Rochelle, France|46.160329|-1.151139
1034|0|68;Rue MOULIN DE LA MOZAY;17000;LA ROCHELLE|La Rochelle, France|46.160329|-1.151139
1035|0|41;Rue DU MOULIN ROUGE;17000;LA ROCHELLE|La Rochelle, France|46.160329|-1.151139
1036|0|25;Rue DE LA MOULINETTE;17000;LA ROCHELLE|La Rochelle, France|46.160329|-1.151139
1037|0|9;Rue DES MURAILLES;17000;LA ROCHELLE|La Rochelle, France|46.160329|-1.151139
1038|0|113;Rue DE LA MUSE;17000;LA ROCHELLE|La Rochelle, France|46.160329|-1.151139
1039|0|11 BIS;Rue DE LA MUSE;17000;LA ROCHELLE|La Rochelle, France|46.160329|-1.151139
1040|0|42;Rue DE LA MUSE;17000;LA ROCHELLE|La Rochelle, France|46.160329|-1.151139
1051|0|7;Rue NICOLAS COUSTOU;17000;LA ROCHELLE|La Rochelle, France|46.160329|-1.151139
1052|0|36;Rue NICOLAS DENYS;17000;LA ROCHELLE|La Rochelle, France|46.160329|-1.151139
1053|0|21;Rue DU NIGER;17000;LA ROCHELLE|La Rochelle, France|46.160329|-1.151139
1054|0|13;Rue DE NORMANDIE;17000;LA ROCHELLE|La Rochelle, France|46.160329|-1.151139
1055|0|25;Rue DE NORVEGE;17000;LA ROCHELLE|La Rochelle, France|46.160329|-1.151139
1056|0|1;Rue DE NORVEGE;17000;LA ROCHELLE|La Rochelle, France|46.160329|-1.151139
1057|0|1;Rue DE NORVEGE;17000;LA ROCHELLE|La Rochelle, France|46.160329|-1.151139
1058|0|18;Rue DE NORVEGE;17000;LA ROCHELLE|La Rochelle, France|46.160329|-1.151139
1059|0|22;Rue DE NORVEGE;17000;LA ROCHELLE|La Rochelle, France|46.160329|-1.151139
1060|0|8;Rue NOTRE DAME;17000;LA ROCHELLE|La Rochelle, France|46.160329|-1.151139
1061|0|8;Rue NOTRE DAME;17000;LA ROCHELLE|La Rochelle, France|46.160329|-1.151139
1062|0|20;Rue NUNGESSER ET COLI;17000;LA ROCHELLE|La Rochelle, France|46.160329|-1.151139
1063|0|20;Rue NUNGESSER ET COLI;17000;LA ROCHELLE|La Rochelle, France|46.160329|-1.151139
1064|0|4;Rue Pespective de l'Océan;17000;LA ROCHELLE|La Rochelle, France|46.160329|-1.151139
1065|0|1;Rue Pespective de l'Océan;17000;LA ROCHELLE|La Rochelle, France|46.160329|-1.151139
1066|0|1;Rue Pespective de l'Océan;17000;LA ROCHELLE|La Rochelle, France|46.160329|-1.151139
1067|0|4;Rue Pespective de l'Océan;17000;LA ROCHELLE|La Rochelle, France|46.160329|-1.151139
1068|0|2;Rue Pespective de l'Océan;17000;LA ROCHELLE|La Rochelle, France|46.160329|-1.151139
1069|0|1;Rue Pespective de l'Océan;17000;LA ROCHELLE|La Rochelle, France|46.160329|-1.151139
1070|0|12 TER;Rue DE L'OISE;17000;LA ROCHELLE|La Rochelle, France|46.160329|-1.151139
1071|0|5;Rue DE L'ORLEANAIS;17000;LA ROCHELLE|La Rochelle, France|46.160329|-1.151139
1082|0|17;Rue DU PARC;17000;LA ROCHELLE|La Rochelle, France|46.160329|-1.151139
1083|0|;Esplanade DES PARCS;17000;LA ROCHELLE|La Rochelle, France|46.160329|-1.151139
1084|0|24;Avenue DE PARIS;17000;LA ROCHELLE|La Rochelle, France|46.160329|-1.151139
1085|0|32;Avenue DE PARIS;17000;LA ROCHELLE|La Rochelle, France|46.160329|-1.151139
1086|0|20;Avenue DE PARIS;17000;LA ROCHELLE|La Rochelle, France|46.160329|-1.151139
1087|0|40;Avenue DE PARIS;17000;LA ROCHELLE|La Rochelle, France|46.160329|-1.151139
1088|0|38;Avenue DE PARIS;17000;LA ROCHELLE|La Rochelle, France|46.160329|-1.151139
1089|0|30;Avenue DE PARIS;17000;LA ROCHELLE|La Rochelle, France|46.160329|-1.151139
1090|0|20;Avenue DE PARIS;17000;LA ROCHELLE|La Rochelle, France|46.160329|-1.151139
1091|0|20;Avenue DE PARIS;17000;LA ROCHELLE|La Rochelle, France|46.160329|-1.151139
1092|0|40;Avenue DE PARIS;17000;LA ROCHELLE|La Rochelle, France|46.160329|-1.151139
1093|0|38;Avenue DE PARIS;17000;LA ROCHELLE|La Rochelle, France|46.160329|-1.151139
1094|0|30;Avenue DE PARIS;17000;LA ROCHELLE|La Rochelle, France|46.160329|-1.151139
1095|0|34;Avenue DE PARIS;17000;LA ROCHELLE|La Rochelle, France|46.160329|-1.151139
1096|0|24;Avenue DE PARIS;17000;LA ROCHELLE|La Rochelle, France|46.160329|-1.151139
1097|0|36;Avenue DE PARIS;17000;LA ROCHELLE|La Rochelle, France|46.160329|-1.151139
1098|0|32;Avenue DE PARIS;17000;LA ROCHELLE|La Rochelle, France|46.160329|-1.151139
1099|0|20;Avenue DE PARIS;17000;LA ROCHELLE|La Rochelle, France|46.160329|-1.151139
1100|0|36;Avenue DE PARIS;17000;LA ROCHELLE|La Rochelle, France|46.160329|-1.151139
1101|0|20;Avenue DE PARIS;17000;LA ROCHELLE|La Rochelle, France|46.160329|-1.151139
1102|0|13;Rue PAS DU MINAGE;17000;LA ROCHELLE|La Rochelle, France|46.160329|-1.151139
1103|0|27;Rue DE PASSY;17000;LA ROCHELLE|La Rochelle, France|46.160329|-1.151139
1104|0|23;Rue PASTEUR;17000;LA ROCHELLE|La Rochelle, France|46.160329|-1.151139
1105|0|13;Rue DU PARADIS;17000;LA ROCHELLE|La Rochelle, France|46.160329|-1.151139
1106|0|25;Rue PAUL GARREAU;17000;LA ROCHELLE|La Rochelle, France|46.160329|-1.151139
1107|0|13;Rue PAUL GARREAU;17000;LA ROCHELLE|La Rochelle, France|46.160329|-1.151139
1108|0|13;Rue PAUL GARREAU;17000;LA ROCHELLE|La Rochelle, France|46.160329|-1.151139
1109|0|13;Rue PAUL GARREAU;17000;LA ROCHELLE|La Rochelle, France|46.160329|-1.151139
1110|0|10;Rue PAUL SABATIER;17000;LA ROCHELLE|La Rochelle, France|46.160329|-1.151139
1111|0|6;Rue PAUL VALERY;17000;LA ROCHELLE|La Rochelle, France|46.160329|-1.151139
1122|0|1;Allée DU PERIGORD;17000;LA ROCHELLE|La Rochelle, France|46.160329|-1.151139
1123|0|1;Allée DU PERIGORD;17000;LA ROCHELLE|La Rochelle, France|46.160329|-1.151139
1124|0|5;Allée DU PERIGORD;17000;LA ROCHELLE|La Rochelle, France|46.160329|-1.151139
1125|0|3;Allée DU PERIGORD;17000;LA ROCHELLE|La Rochelle, France|46.160329|-1.151139
1126|0|3;Allée DU PERIGORD;17000;LA ROCHELLE|La Rochelle, France|46.160329|-1.151139
1127|0|3;Allée DU PERIGORD;17000;LA ROCHELLE|La Rochelle, France|46.160329|-1.151139
1128|0|3;Allée DU PERIGORD;17000;LA ROCHELLE|La Rochelle, France|46.160329|-1.151139
1129|0|5;Allée DU PERIGORD;17000;LA ROCHELLE|La Rochelle, France|46.160329|-1.151139
1130|0|3;Allée DU PERIGORD;17000;LA ROCHELLE|La Rochelle, France|46.160329|-1.151139
1131|0|3;Allée DU PERIGORD;17000;LA ROCHELLE|La Rochelle, France|46.160329|-1.151139
1132|0|4;Rue DU PETIT MARSEILLE;17000;LA ROCHELLE|La Rochelle, France|46.160329|-1.151139
1133|0|1;Rue DES PEUPLIERS;17000;LA ROCHELLE|La Rochelle, France|46.160329|-1.151139
1134|0|1;Rue DES PEUPLIERS;17000;LA ROCHELLE|La Rochelle, France|46.160329|-1.151139
1145|0|41;Rue PIERRE JOSEPH PROUDHON;17000;LA ROCHELLE|La Rochelle, France|46.160329|-1.151139
1146|0|47;Rue PIERRE JOSEPH PROUDHON;17000;LA ROCHELLE|La Rochelle, France|46.160329|-1.151139
1147|0|47;Rue PIERRE JOSEPH PROUDHON;17000;LA ROCHELLE|La Rochelle, France|46.160329|-1.151139
1148|0|25;Rue PIERRE CORNEILLE;17000;LA ROCHELLE|La Rochelle, France|46.160329|-1.151139
1149|0|67;Rue PIERRE CORNEILLE;17000;LA ROCHELLE|La Rochelle, France|46.160329|-1.151139
1150|0|36;Rue PIERRE CORNEILLE;17000;LA ROCHELLE|La Rochelle, France|46.160329|-1.151139
1151|0|56;Rue PIERRE CORNEILLE;17000;LA ROCHELLE|La Rochelle, France|46.160329|-1.151139
1152|0|64;Rue PIERRE CORNEILLE;17000;LA ROCHELLE|La Rochelle, France|46.160329|-1.151139
1153|0|59;Rue PIERRE CORNEILLE;17000;LA ROCHELLE|La Rochelle, France|46.160329|-1.151139
1154|0|30;Avenue PIERRE DE COUBERTIN;17000;LA ROCHELLE|La Rochelle, France|46.160329|-1.151139
1155|0|28;Rue PIERRE ET MARIE CURIE;17000;LA ROCHELLE|La Rochelle, France|46.160329|-1.151139
1156|0|3;Rue PIERRE ET MARIE CURIE;17000;LA ROCHELLE|La Rochelle, France|46.160329|-1.151139
1157|0|1;Rue PIERRE ET MARIE CURIE;17000;LA ROCHELLE|La Rochelle, France|46.160329|-1.151139
1158|0|26;Rue PIERRE ET MARIE CURIE;17000;LA ROCHELLE|La Rochelle, France|46.160329|-1.151139
1159|0|6;Rue PIERRE LESCOT;17000;LA ROCHELLE|La Rochelle, France|46.160329|-1.151139
1160|0|2;Rue PIERRE LESCOT;17000;LA ROCHELLE|La Rochelle, France|46.160329|-1.151139
1161|0|17;Rue MARQUIS PIERRE SIMON LAPLACE;17000;LA ROCHELLE|La Rochelle, France|46.160329|-1.151139
1162|0|17;Rue MARQUIS PIERRE SIMON LAPLACE;17000;LA ROCHELLE|La Rochelle, France|46.160329|-1.151139
1163|0|29B;Rue PILATRE DE ROZIER;17000;LA ROCHELLE|La Rochelle, France|46.160329|-1.151139
1164|0|10;Square DES PIVERTS;17000;LA ROCHELLE|La Rochelle, France|46.160329|-1.151139
1165|0|10;Square DES PIVERTS;17000;LA ROCHELLE|La Rochelle, France|46.160329|-1.151139
1166|0|10;Square DES PIVERTS;17000;LA ROCHELLE|La Rochelle, France|46.160329|-1.151139
1177|0|10;Avenue DE PRAGUE;17000;LA ROCHELLE|La Rochelle, France|46.160329|-1.151139
1178|0|8;Avenue DE PRAGUE;17000;LA ROCHELLE|La Rochelle, France|46.160329|-1.151139
1179|0|8;Avenue DE PRAGUE;17000;LA ROCHELLE|La Rochelle, France|46.160329|-1.151139
1180|0|10;Avenue DE PRAGUE;17000;LA ROCHELLE|La Rochelle, France|46.160329|-1.151139
1181|0|29;Rue PRESIDENT ALLENDE;17000;LA ROCHELLE|La Rochelle, France|46.160329|-1.151139
1182|0|29;Rue PRESIDENT ALLENDE;17000;LA ROCHELLE|La Rochelle, France|46.160329|-1.151139
1183|0|24;Rue PRESIDENT ALLENDE;17000;LA ROCHELLE|La Rochelle, France|46.160329|-1.151139
1184|0|24;Rue PRESIDENT ALLENDE;17000;LA ROCHELLE|La Rochelle, France|46.160329|-1.151139
1185|0|6;Avenue PDT J F KENNEDY;17000;LA ROCHELLE|La Rochelle, France|46.160329|-1.151139
1186|0|14;Avenue PDT J F KENNEDY;17000;LA ROCHELLE|La Rochelle, France|46.160329|-1.151139
1187|0|;Avenue PDT J F KENNEDY;17000;LA ROCHELLE|La Rochelle, France|46.160329|-1.151139
1188|0|12;Rue DE PROVENCE;17000;LA ROCHELLE|La Rochelle, France|46.160329|-1.151139
1189|0|17;Avenue DU QUATORZE JUILLET;17000;LA ROCHELLE|La Rochelle, France|46.160329|-1.151139
1190|0|9;Avenue DU QUATORZE JUILLET;17000;LA ROCHELLE|La Rochelle, France|46.160329|-1.151139
1191|0|3;Avenue DU QUATORZE JUILLET;17000;LA ROCHELLE|La Rochelle, France|46.160329|-1.151139
1192|0|1;Avenue DU QUATORZE JUILLET;17000;LA ROCHELLE|La Rochelle, France|46.160329|-1.151139
1203|0|14;Avenue DU QUATORZE JUILLET;17000;LA ROCHELLE|La Rochelle, France|46.160329|-1.151139
1204|0|1;Avenue DU QUATORZE JUILLET;17000;LA ROCHELLE|La Rochelle, France|46.160329|-1.151139
1205|0|13;Avenue DU QUATORZE JUILLET;17000;LA ROCHELLE|La Rochelle, France|46.160329|-1.151139
1206|0|3;Avenue DU QUATORZE JUILLET;17000;LA ROCHELLE|La Rochelle, France|46.160329|-1.151139
1207|0|5;Avenue DU QUATORZE JUILLET;17000;LA ROCHELLE|La Rochelle, France|46.160329|-1.151139
1208|0|19;Avenue DU QUATORZE JUILLET;17000;LA ROCHELLE|La Rochelle, France|46.160329|-1.151139
1209|0|5;Avenue DU QUATORZE JUILLET;17000;LA ROCHELLE|La Rochelle, France|46.160329|-1.151139
1210|0|1;Avenue DU QUATORZE JUILLET;17000;LA ROCHELLE|La Rochelle, France|46.160329|-1.151139
1211|0|17;Avenue DU QUATORZE JUILLET;17000;LA ROCHELLE|La Rochelle, France|46.160329|-1.151139
1212|0|62;Rue DE QUATREFAGES;17000;LA ROCHELLE|La Rochelle, France|46.160329|-1.151139
1213|0|13;Rue DE QUEBEC;17000;LA ROCHELLE|La Rochelle, France|46.160329|-1.151139
1214|0|5;Allée DU QUERCY;17000;LA ROCHELLE|La Rochelle, France|46.160329|-1.151139
1215|0|5;Allée DU QUERCY;17000;LA ROCHELLE|La Rochelle, France|46.160329|-1.151139
1216|0|5;Allée DU QUERCY;17000;LA ROCHELLE|La Rochelle, France|46.160329|-1.151139
1217|0|1;Allée DU QUERCY;17000;LA ROCHELLE|La Rochelle, France|46.160329|-1.151139
1218|0|5;Allée DU QUERCY;17000;LA ROCHELLE|La Rochelle, France|46.160329|-1.151139
1229|0|3;Rue RAYMOND BADIER;17000;LA ROCHELLE|La Rochelle, France|46.160329|-1.151139
1230|0|1;Rue RAYMOND BADIER;17000;LA ROCHELLE|La Rochelle, France|46.160329|-1.151139
1231|0|58;Avenue RAYMOND POINCARE;17000;LA ROCHELLE|La Rochelle, France|46.160329|-1.151139
1232|0|341;Avenue RAYMOND POINCARE;17000;LA ROCHELLE|La Rochelle, France|46.160329|-1.151139
1233|0|62;Avenue RAYMOND POINCARE;17000;LA ROCHELLE|La Rochelle, France|46.160329|-1.151139
1234|0|28;Avenue RAYMOND POINCARE;17000;LA ROCHELLE|La Rochelle, France|46.160329|-1.151139
1235|0|31;Avenue RAYMOND POINCARE;17000;LA ROCHELLE|La Rochelle, France|46.160329|-1.151139
1236|0|52;Avenue RAYMOND POINCARE;17000;LA ROCHELLE|La Rochelle, France|46.160329|-1.151139
1237|0|82;Avenue RAYMOND POINCARE;17000;LA ROCHELLE|La Rochelle, France|46.160329|-1.151139
1238|0|40;Avenue RAYMOND POINCARE;17000;LA ROCHELLE|La Rochelle, France|46.160329|-1.151139
1239|0|64;Avenue RAYMOND POINCARE;17000;LA ROCHELLE|La Rochelle, France|46.160329|-1.151139
1240|0|72;Avenue RAYMOND POINCARE;17000;LA ROCHELLE|La Rochelle, France|46.160329|-1.151139
1241|0|82;Avenue RAYMOND POINCARE;17000;LA ROCHELLE|La Rochelle, France|46.160329|-1.151139
1242|0|345;Avenue RAYMOND POINCARE;17000;LA ROCHELLE|La Rochelle, France|46.160329|-1.151139
1243|0|26;Avenue RAYMOND POINCARE;17000;LA ROCHELLE|La Rochelle, France|46.160329|-1.151139
1244|0|26;Avenue RAYMOND POINCARE;17000;LA ROCHELLE|La Rochelle, France|46.160329|-1.151139
1245|0|40;Avenue RAYMOND POINCARE;17000;LA ROCHELLE|La Rochelle, France|46.160329|-1.151139
1256|0|35;Rue DU REMPART SAINT CLAUDE;17000;LA ROCHELLE|La Rochelle, France|46.160329|-1.151139
1257|0|35;Rue DU REMPART SAINT CLAUDE;17000;LA ROCHELLE|La Rochelle, France|46.160329|-1.151139
1258|0|4;Rue RENE CAILLE;17000;LA ROCHELLE|La Rochelle, France|46.160329|-1.151139
1259|0|25;Avenue DE LA REPENTIE;17000;LA ROCHELLE|La Rochelle, France|46.160329|-1.151139
1260|0|35;Avenue DE LA RESISTANCE;17000;LA ROCHELLE|La Rochelle, France|46.160329|-1.151139
1261|0|11;Rue REYNALDO HAHN;17000;LA ROCHELLE|La Rochelle, France|46.160329|-1.151139
1262|0|7;Rue DU RHONE;17000;LA ROCHELLE|La Rochelle, France|46.160329|-1.151139
1263|0|15;Rue RICHELIEU;17000;LA ROCHELLE|La Rochelle, France|46.160329|-1.151139
1264|0|10;Rue ROBERT DE COTTE;17000;LA ROCHELLE|La Rochelle, France|46.160329|-1.151139
1265|0|12;Avenue ROBERT SCHUMAN;17000;LA ROCHELLE|La Rochelle, France|46.160329|-1.151139
1266|0|12;Avenue ROBERT SCHUMAN;17000;LA ROCHELLE|La Rochelle, France|46.160329|-1.151139
1267|0|10;Avenue ROBERT SCHUMAN;17000;LA ROCHELLE|La Rochelle, France|46.160329|-1.151139
1268|0|16;Avenue ROBERT SCHUMAN;17000;LA ROCHELLE|La Rochelle, France|46.160329|-1.151139
1269|0|14;Avenue ROBERT SCHUMAN;17000;LA ROCHELLE|La Rochelle, France|46.160329|-1.151139
1270|0|12;Avenue ROBERT SCHUMAN;17000;LA ROCHELLE|La Rochelle, France|46.160329|-1.151139
1281|0|61;Avenue ROBESPIERRE;17000;LA ROCHELLE|La Rochelle, France|46.160329|-1.151139
1282|0|48;Avenue ROBESPIERRE;17000;LA ROCHELLE|La Rochelle, France|46.160329|-1.151139
1283|0|48;Avenue ROBESPIERRE;17000;LA ROCHELLE|La Rochelle, France|46.160329|-1.151139
1284|0|73;Avenue ROBESPIERRE;17000;LA ROCHELLE|La Rochelle, France|46.160329|-1.151139
1285|0|73;Avenue ROBESPIERRE;17000;LA ROCHELLE|La Rochelle, France|46.160329|-1.151139
1286|0|32;Avenue ROBESPIERRE;17000;LA ROCHELLE|La Rochelle, France|46.160329|-1.151139
1287|0|38;Avenue ROBESPIERRE;17000;LA ROCHELLE|La Rochelle, France|46.160329|-1.151139
1288|0|48;Avenue ROBESPIERRE;17000;LA ROCHELLE|La Rochelle, France|46.160329|-1.151139
1289|0|3;Rue ROCHAMBEAU;17000;LA ROCHELLE|La Rochelle, France|46.160329|-1.151139
1290|0|3;Rue ROCHAMBEAU;17000;LA ROCHELLE|La Rochelle, France|46.160329|-1.151139
1291|0|1;Rue ROCHAMBEAU;17000;LA ROCHELLE|La Rochelle, France|46.160329|-1.151139
1292|0|3;Rue ROCHAMBEAU;17000;LA ROCHELLE|La Rochelle, France|46.160329|-1.151139
1293|0|4;Rue DE ROCROI;17000;LA ROCHELLE|La Rochelle, France|46.160329|-1.151139
1294|0|5;Rue ROMAIN ROLLAND;17000;LA ROCHELLE|La Rochelle, France|46.160329|-1.151139
1295|0|126;Avenue DE ROMPSAY;17000;LA ROCHELLE|La Rochelle, France|46.160329|-1.151139
1296|0|126;Avenue DE ROMPSAY;17000;LA ROCHELLE|La Rochelle, France|46.160329|-1.151139
1307|0|5;Allée DU ROUERGUE;17000;LA ROCHELLE|La Rochelle, France|46.160329|-1.151139
1308|0|5;Allée DU ROUERGUE;17000;LA ROCHELLE|La Rochelle, France|46.160329|-1.151139
1309|0|;Allée DU ROUERGUE;17000;LA ROCHELLE|La Rochelle, France|46.160329|-1.151139
1310|0|3;Allée DU ROUERGUE;17000;LA ROCHELLE|La Rochelle, France|46.160329|-1.151139
1311|0|3;Allée DU ROUERGUE;17000;LA ROCHELLE|La Rochelle, France|46.160329|-1.151139
1312|0|17;Rue DES ROSEAUX;17000;LA ROCHELLE|La Rochelle, France|46.160329|-1.151139
1313|0|19;Rue DES ROSEAUX;17000;LA ROCHELLE|La Rochelle, France|46.160329|-1.151139
1314|0|13;Rue DES ROSEAUX;17000;LA ROCHELLE|La Rochelle, France|46.160329|-1.151139
1315|0|17;Rue DES ROSEAUX;17000;LA ROCHELLE|La Rochelle, France|46.160329|-1.151139
1316|0|17;Rue DES ROSEAUX;17000;LA ROCHELLE|La Rochelle, France|46.160329|-1.151139
1327|0|18;Rue SAINT CLAUDE;17000;LA ROCHELLE|La Rochelle, France|46.160329|-1.151139
1328|0|57;Rue SAINT CLAUDE;17000;LA ROCHELLE|La Rochelle, France|46.160329|-1.151139
1329|0|19;Rue SAINT DOMINIQUE;17000;LA ROCHELLE|La Rochelle, France|46.160329|-1.151139
1330|0|;Esplanade SAINT JEAN D'ACRE;17000;LA ROCHELLE|La Rochelle, France|46.160329|-1.151139
1331|0|44;Rue SAINT JEAN DU PEROT;17000;LA ROCHELLE|La Rochelle, France|46.160329|-1.151139
1332|0|29;Rue SAINT JEAN DU PEROT;17000;LA ROCHELLE|La Rochelle, France|46.160329|-1.151139
1333|0|21;Rue SAINT JUST;17000;LA ROCHELLE|La Rochelle, France|46.160329|-1.151139
1334|0|20;Rue SAINT LEONARD;17000;LA ROCHELLE|La Rochelle, France|46.160329|-1.151139
1335|0|32;Rue SAINT LEONARD;17000;LA ROCHELLE|La Rochelle, France|46.160329|-1.151139
1336|0|5;Rue SAINT LO;17000;LA ROCHELLE|La Rochelle, France|46.160329|-1.151139
1337|0|34;Rue SAINT LOUIS;17000;LA ROCHELLE|La Rochelle, France|46.160329|-1.151139
1338|0|11;Rue SAINT MAURICE;17000;LA ROCHELLE|La Rochelle, France|46.160329|-1.151139
1339|0|15;Rue SAINT YON;17000;LA ROCHELLE|La Rochelle, France|46.160329|-1.151139
1340|0|15;Rue SAINT YON;17000;LA ROCHELLE|La Rochelle, France|46.160329|-1.151139
1341|0|23;Rue DES SAINTES CLAIRES;17000;LA ROCHELLE|La Rochelle, France|46.160329|-1.151139
1342|0|12;Rue DES SAINTS PERES;17000;LA ROCHELLE|La Rochelle, France|46.160329|-1.151139
1343|0|12;Rue DES SAINTS PERES;17000;LA ROCHELLE|La Rochelle, France|46.160329|-1.151139
1344|0|27;Rue DES SALINES;17000;LA ROCHELLE|La Rochelle, France|46.160329|-1.151139
1355|0|8;Rue DE LA SOLE;17000;LA ROCHELLE|La Rochelle, France|46.160329|-1.151139
1356|0|10;Rue DE LA SOLE;17000;LA ROCHELLE|La Rochelle, France|46.160329|-1.151139
1357|0|4;Rue DU SOLEIL LEVANT;17000;LA ROCHELLE|La Rochelle, France|46.160329|-1.151139
1358|0|18;Rue SOLFERINO;17000;LA ROCHELLE|La Rochelle, France|46.160329|-1.151139
1359|0|26;Rue DE LA SOMME;17000;LA ROCHELLE|La Rochelle, France|46.160329|-1.151139
1360|0|29;Rue SOPHIE POIRIER;17000;LA ROCHELLE|La Rochelle, France|46.160329|-1.151139
1361|0|29;Rue SOPHIE POIRIER;17000;LA ROCHELLE|La Rochelle, France|46.160329|-1.151139
1362|0|36;Rue SOPHIE POIRIER;17000;LA ROCHELLE|La Rochelle, France|46.160329|-1.151139
1363|0|20;Rue SOPHIE POIRIER;17000;LA ROCHELLE|La Rochelle, France|46.160329|-1.151139
1364|0|3;Rue SOPHIE POIRIER;17000;LA ROCHELLE|La Rochelle, France|46.160329|-1.151139
1365|0|29;Rue SOPHIE POIRIER;17000;LA ROCHELLE|La Rochelle, France|46.160329|-1.151139
1366|0|4;Impasse SOULARD;17000;LA ROCHELLE|La Rochelle, France|46.160329|-1.151139
1367|0|6;Impasse SOULARD;17000;LA ROCHELLE|La Rochelle, France|46.160329|-1.151139
1368|0|8;Rue DES SPORTS;17000;LA ROCHELLE|La Rochelle, France|46.160329|-1.151139
1369|0|37;Rue DES SPORTS;17000;LA ROCHELLE|La Rochelle, France|46.160329|-1.151139
1370|0|37;Rue DES SPORTS;17000;LA ROCHELLE|La Rochelle, France|46.160329|-1.151139
1371|0|7;Rue DU STADE;17000;LA ROCHELLE|La Rochelle, France|46.160329|-1.151139
1372|0|28;Rue DU STADE;17000;LA ROCHELLE|La Rochelle, France|46.160329|-1.151139
1373|0|40;Rue DU STADE;17000;LA ROCHELLE|La Rochelle, France|46.160329|-1.151139
1374|0|31;Rue DE LA STATION;17000;LA ROCHELLE|La Rochelle, France|46.160329|-1.151139
1375|0|31;Rue DE LA STATION;17000;LA ROCHELLE|La Rochelle, France|46.160329|-1.151139
1376|0|4;Rue DE LA STATION;17000;LA ROCHELLE|La Rochelle, France|46.160329|-1.151139
1377|0|26;Avenue DE STOCKHOLM;17000;LA ROCHELLE|La Rochelle, France|46.160329|-1.151139
1378|0|53;Rue DE SUEDE;17000;LA ROCHELLE|La Rochelle, France|46.160329|-1.151139
1379|0|11;Rue DE SUEDE;17000;LA ROCHELLE|La Rochelle, France|46.160329|-1.151139
1390|0|2;Rue THEOPHILE BABUT;17000;LA ROCHELLE|La Rochelle, France|46.160329|-1.151139
1391|0|9 ET 13;Rue THEOPHRASTE RENAUDOT;17000;LA ROCHELLE|La Rochelle, France|46.160329|-1.151139
1392|0|34;Rue THEOPHRASTE RENAUDOT;17000;LA ROCHELLE|La Rochelle, France|46.160329|-1.151139
1393|0|18;Rue THIERS;17000;LA ROCHELLE|La Rochelle, France|46.160329|-1.151139
1394|0|26;Rue THIERS;17000;LA ROCHELLE|La Rochelle, France|46.160329|-1.151139
1395|0|6;Rue THOMAS EDISON;17000;LA ROCHELLE|La Rochelle, France|46.160329|-1.151139
1396|0|6;Rue THOMAS EDISON;17000;LA ROCHELLE|La Rochelle, France|46.160329|-1.151139
1397|0|6;Avenue DE TIRANA;17000;LA ROCHELLE|La Rochelle, France|46.160329|-1.151139
1398|0|25;Rue DU PROF ANDRE TOURNADE;17000;LA ROCHELLE|La Rochelle, France|46.160329|-1.151139
1399|0|41;Rue DU PROF ANDRE TOURNADE;17000;LA ROCHELLE|La Rochelle, France|46.160329|-1.151139
1400|0|41;Rue DU PROF ANDRE TOURNADE;17000;LA ROCHELLE|La Rochelle, France|46.160329|-1.151139
1401|0|17;Rue DU PROF ANDRE TOURNADE;17000;LA ROCHELLE|La Rochelle, France|46.160329|-1.151139
1402|0|43;Rue DU PROF ANDRE TOURNADE;17000;LA ROCHELLE|La Rochelle, France|46.160329|-1.151139
1403|0|43;Rue DU PROF ANDRE TOURNADE;17000;LA ROCHELLE|La Rochelle, France|46.160329|-1.151139
1404|0|43;Rue DU PROF ANDRE TOURNADE;17000;LA ROCHELLE|La Rochelle, France|46.160329|-1.151139
1405|0|7;Rue DU PROF ANDRE TOURNADE;17000;LA ROCHELLE|La Rochelle, France|46.160329|-1.151139
1406|0|7;Rue DU PROF ANDRE TOURNADE;17000;LA ROCHELLE|La Rochelle, France|46.160329|-1.151139
1407|0|7;Square DES TOURTERELLES;17000;LA ROCHELLE|La Rochelle, France|46.160329|-1.151139
1408|0|15;Square DES TOURTERELLES;17000;LA ROCHELLE|La Rochelle, France|46.160329|-1.151139
1409|0|34;Rue TRAVERSIERE;17000;LA ROCHELLE|La Rochelle, France|46.160329|-1.151139
1410|0|35;Rue TREICH LAPLENE;17000;LA ROCHELLE|La Rochelle, France|46.160329|-1.151139
1411|0|30;Rue DES TREMBLES;17000;LA ROCHELLE|La Rochelle, France|46.160329|-1.151139
1412|0|25;Rue TREUIL DES NOYERS;17000;LA ROCHELLE|La Rochelle, France|46.160329|-1.151139
1413|0|25;Rue TREUIL DES NOYERS;17000;LA ROCHELLE|La Rochelle, France|46.160329|-1.151139
1414|0|1;Rue DE LA TRINQUETTE;17000;LA ROCHELLE|La Rochelle, France|46.160329|-1.151139
1425|0|18;Rue DE VAUGOUIN;17000;LA ROCHELLE|La Rochelle, France|46.160329|-1.151139
1426|0|25;Rue DE VAUTREUIL;17000;LA ROCHELLE|La Rochelle, France|46.160329|-1.151139
1427|0|44;Rue DE VAUTREUIL;17000;LA ROCHELLE|La Rochelle, France|46.160329|-1.151139
1428|0|60;Rue DU VELODROME;17000;LA ROCHELLE|La Rochelle, France|46.160329|-1.151139
1429|0|69;Rue DU VELODROME;17000;LA ROCHELLE|La Rochelle, France|46.160329|-1.151139
1430|0|69;Rue DU VELODROME;17000;LA ROCHELLE|La Rochelle, France|46.160329|-1.151139
1431|0|21 BIS;Rue VERDIERE;17000;LA ROCHELLE|La Rochelle, France|46.160329|-1.151139
1432|0|1;Rue VERDIERE;17000;LA ROCHELLE|La Rochelle, France|46.160329|-1.151139
1433|0|22;Rue VERDIERE;17000;LA ROCHELLE|La Rochelle, France|46.160329|-1.151139
1434|0|28;Place DE VERDUN;17000;LA ROCHELLE|La Rochelle, France|46.160329|-1.151139
1435|0|7;Rue DE LA VENDEE;17000;LA ROCHELLE|La Rochelle, France|46.160329|-1.151139
1436|0|11;Rue DE LA VENDEE;17000;LA ROCHELLE|La Rochelle, France|46.160329|-1.151139
1437|0|11;Rue DE LA VENDEE;17000;LA ROCHELLE|La Rochelle, France|46.160329|-1.151139
1438|0|5;Rue DE LA VENDEE;17000;LA ROCHELLE|La Rochelle, France|46.160329|-1.151139
1439|0|7;Rue DE LA VENDEE;17000;LA ROCHELLE|La Rochelle, France|46.160329|-1.151139
1440|0|11;Rue DE LA VENDEE;17000;LA ROCHELLE|La Rochelle, France|46.160329|-1.151139
1441|0|35;Rue JOSEPH VERNET;17000;LA ROCHELLE|La Rochelle, France|46.160329|-1.151139
1442|0|12;Rue JOSEPH VERNET;17000;LA ROCHELLE|La Rochelle, France|46.160329|-1.151139
1443|0|35;Rue JOSEPH VERNET;17000;LA ROCHELLE|La Rochelle, France|46.160329|-1.151139
1444|0|1;Rue JOSEPH VERNET;17000;LA ROCHELLE|La Rochelle, France|46.160329|-1.151139
1445|0|2;Rue DE LA VERRERIE;17000;LA ROCHELLE|La Rochelle, France|46.160329|-1.151139
1446|0|12;Rue DE LA VERRERIE;17000;LA ROCHELLE|La Rochelle, France|46.160329|-1.151139
1457|0|41;Avenue VICTOR SCHOELCHER;17000;LA ROCHELLE|La Rochelle, France|46.160329|-1.151139
1458|0|43;Avenue VICTOR SCHOELCHER;17000;LA ROCHELLE|La Rochelle, France|46.160329|-1.151139
1459|0|6;Rue Des Vignes;17000;LA ROCHELLE|La Rochelle, France|46.160329|-1.151139
1460|0|12;Rue VILLENEUVE;17000;LA ROCHELLE|La Rochelle, France|46.160329|-1.151139
1461|0|6;Rue de Villy de LA FERTE;17000;LA ROCHELLE|La Rochelle, France|46.160329|-1.151139
1462|0|10;Rue de Villy de LA FERTE;17000;LA ROCHELLE|La Rochelle, France|46.160329|-1.151139
1463|0|27;Rue VINCENT SCOTTO;17000;LA ROCHELLE|La Rochelle, France|46.160329|-1.151139
1464|0|10;Rue DES VIOLETTES;17000;LA ROCHELLE|La Rochelle, France|46.160329|-1.151139
1465|0|1;Allée DU VIVARAIS;17000;LA ROCHELLE|La Rochelle, France|46.160329|-1.151139
1466|0|3;Allée DU VIVARAIS;17000;LA ROCHELLE|La Rochelle, France|46.160329|-1.151139
1467|0|5;Allée DU VIVARAIS;17000;LA ROCHELLE|La Rochelle, France|46.160329|-1.151139
1468|0|3;Allée DU VIVARAIS;17000;LA ROCHELLE|La Rochelle, France|46.160329|-1.151139
1469|0|70;Rue DES VOILIERS;17000;LA ROCHELLE|La Rochelle, France|46.160329|-1.151139
1470|0|70;Rue DES VOILIERS;17000;LA ROCHELLE|La Rochelle, France|46.160329|-1.151139
1471|0|9;Rue DES VOILIERS;17000;LA ROCHELLE|La Rochelle, France|46.160329|-1.151139
1472|0|72;Rue DES VOILIERS;17000;LA ROCHELLE|La Rochelle, France|46.160329|-1.151139
1473|0|56;Rue DES VOILIERS;17000;LA ROCHELLE|La Rochelle, France|46.160329|-1.151139
1474|0|70;Rue DES VOILIERS;17000;LA ROCHELLE|La Rochelle, France|46.160329|-1.151139
1475|0|70;Rue DES VOILIERS;17000;LA ROCHELLE|La Rochelle, France|46.160329|-1.151139
1476|0|7;Rue DES VOILIERS;17000;LA ROCHELLE|La Rochelle, France|46.160329|-1.151139
1477|0|70;Rue DES VOILIERS;17000;LA ROCHELLE|La Rochelle, France|46.160329|-1.151139
1478|0|48;Rue DES VOILIERS;17000;LA ROCHELLE|La Rochelle, France|46.160329|-1.151139
1479|0|19 BIS;Rue VOLTAIRE;17000;LA ROCHELLE|La Rochelle, France|46.160329|-1.151139
1480|0|19 BIS;Rue VOLTAIRE;17000;LA ROCHELLE|La Rochelle, France|46.160329|-1.151139
1481|0|32;Rue VOLTAIRE;17000;LA ROCHELLE|La Rochelle, France|46.160329|-1.151139
1482|0|58;Boulevard WINSTON CHURCHILL;17000;LA ROCHELLE|La Rochelle, France|46.160329|-1.151139
1483|0|6;Rue ABBE YVES COHADES;17000;LA ROCHELLE|La Rochelle, France|46.160329|-1.151139
1494|0|5;rue Charles LEBRUN;17000;LA ROCHELLE|La Rochelle, France|46.160329|-1.151139
1495|0|9;rue georges MORVAN;17000;LA ROCHELLE|La Rochelle, France|46.160329|-1.151139
1496|0|2;AVENUE EMILE NORMANDIN;17000;LA ROCHELLE|La Rochelle, France|46.160329|-1.151139
1497|0|;RUE DE L'ORLEANNAIS;17000;LA ROCHELLE|La Rochelle, France|46.160329|-1.151139
1498|0|;1 AVE DU GENERAL;17000;LA ROCHELLE|La Rochelle, France|46.160329|-1.151139
1499|0|;1 BIS AVENUE LOUIS GUILLET;17000;LA ROCHELLE|La Rochelle, France|46.160329|-1.151139
1500|0|;1 PERSPECTIVE DE L'OCEAN;17000;LA ROCHELLE|La Rochelle, France|46.160329|-1.151139
1501|0|;1 RUE E BRANLY;17000;LA ROCHELLE|La Rochelle, France|46.160329|-1.151139
1502|0|;1 RUE OLYMPE DE GOUGES;17000;LA ROCHELLE|La Rochelle, France|46.160329|-1.151139
1503|0|;1 RUE SIMONE DE BEAUVOIR;17000;LA ROCHELLE|La Rochelle, France|46.160329|-1.151139
1504|0|;10 RUE A BAUDIN;17000;LA ROCHELLE|La Rochelle, France|46.160329|-1.151139
1505|0|;10 RUE BELLE DE MAI;17000;LA ROCHELLE|La Rochelle, France|46.160329|-1.151139
1506|0|;10 RUE BELLE DE MAI;17000;LA ROCHELLE|La Rochelle, France|46.160329|-1.151139
1507|0|;10 RUE D'ARRAS;17000;LA ROCHELLE|La Rochelle, France|46.160329|-1.151139
1508|0|;10 RUE DE LA GUIGNETTE;17000;LA ROCHELLE|La Rochelle, France|46.160329|-1.151139
1509|0|;10 RUE J BOUCHE;17000;LA ROCHELLE|La Rochelle, France|46.160329|-1.151139
1510|0|;10 RUE JEHAN MERICHON;17000;LA ROCHELLE|La Rochelle, France|46.160329|-1.151139
1511|0|;10 SQUARE DU BERRY;17000;LA ROCHELLE|La Rochelle, France|46.160329|-1.151139
1512|0|;10BIS AV R POINCARE;17000;LA ROCHELLE|La Rochelle, France|46.160329|-1.151139
1513|0|;11 AV DE PRAGUE;17000;LA ROCHELLE|La Rochelle, France|46.160329|-1.151139
1514|0|;11 AV DU LAZARET;17000;LA ROCHELLE|La Rochelle, France|46.160329|-1.151139
1515|0|;11 rue CHANTEMERLE;17000;LA ROCHELLE|La Rochelle, France|46.160329|-1.151139
1516|0|;11 RUE GEORGES MORVAN;17000;LA ROCHELLE|La Rochelle, France|46.160329|-1.151139
1517|0|;11 RUE GEORGES MORVAN;17000;LA ROCHELLE|La Rochelle, France|46.160329|-1.151139
1518|0|;11 RUE GEORGES MORVAN APPT 38;17000;LA ROCHELLE|La Rochelle, France|46.160329|-1.151139
1519|0|;114 AV DE ROMPSAY;17000;LA ROCHELLE|La Rochelle, France|46.160329|-1.151139
1520|0|;12 COURS LADAUGE;17000;LA ROCHELLE|La Rochelle, France|46.160329|-1.151139
1521|0|;12 PLACE FOCH;17000;LA ROCHELLE|La Rochelle, France|46.160329|-1.151139
1522|0|;12 RUE CHARLES GOUNOD;17000;LA ROCHELLE|La Rochelle, France|46.160329|-1.151139
1523|0|;12 RUE DE BEL AIR;17000;LA ROCHELLE|La Rochelle, France|46.160329|-1.151139
1534|0|;13 rue du bois Noir la Sauzaie;17000;LA ROCHELLE|La Rochelle, France|46.160329|-1.151139
1535|0|;13BIS RUE E RACAUD;17000;LA ROCHELLE|La Rochelle, France|46.160329|-1.151139
1536|0|;13BIS RUE E RACAUD;17000;LA ROCHELLE|La Rochelle, France|46.160329|-1.151139
1537|0|;14 AV DE MOSCOU;17000;LA ROCHELLE|La Rochelle, France|46.160329|-1.151139
1538|0|;14 AV DU LUXEMBOURG;17000;LA ROCHELLE|La Rochelle, France|46.160329|-1.151139
1539|0|;14 AVE DE MOSCOU;17000;LA ROCHELLE|La Rochelle, France|46.160329|-1.151139
1540|0|;14 BIS RUE VAUBAN;17000;LA ROCHELLE|La Rochelle, France|46.160329|-1.151139
1541|0|;14 RUE AMELOT;17000;LA ROCHELLE|La Rochelle, France|46.160329|-1.151139
1542|0|;14 RUE DU SERGENT STOCKLEIN;88100;ST DIE DES VOSGES|La Rochelle, France|46.160329|-1.151139
1543|0|;14 RUE DUBOIS MEYNARDIE;17000;LA ROCHELLE|La Rochelle, France|46.160329|-1.151139
1544|0|;148 BD DENFERT ROCHEREAU;17000;LA ROCHELLE|La Rochelle, France|46.160329|-1.151139
1545|0|;15 AV BILLAUD VARENNE;17000;LA ROCHELLE|La Rochelle, France|46.160329|-1.151139
1546|0|;15 RUE DE LA CLOCHE;17000;LA ROCHELLE|La Rochelle, France|46.160329|-1.151139
1547|0|;15 RUE DE REVIN;17000;LA ROCHELLE|La Rochelle, France|46.160329|-1.151139
1548|0|;15 RUE DES TROUVERES;17000;LA ROCHELLE|La Rochelle, France|46.160329|-1.151139
1549|0|;15 RUE FLEURIAU;17000;LA ROCHELLE|La Rochelle, France|46.160329|-1.151139
1550|0|;15 RUE L PINCHON;17000;LA ROCHELLE|La Rochelle, France|46.160329|-1.151139
1551|0|;16 RUE DU CHEMIN VERT;17000;LA ROCHELLE|La Rochelle, France|46.160329|-1.151139
1552|0|;16 RUE JACQUES PREVERT;17000;LA ROCHELLE|La Rochelle, France|46.160329|-1.151139
1553|0|;16 RUE RENE CASSIN;17000;LA ROCHELLE|La Rochelle, France|46.160329|-1.151139
1554|0|;17 RUE DEBUSSY;17000;LA ROCHELLE|La Rochelle, France|46.160329|-1.151139
1565|0|;2 RUE CAMILLE DESMOULINS;17000;LA ROCHELLE|La Rochelle, France|46.160329|-1.151139
1566|0|;2 RUE DU LYONNAIS;17000;LA ROCHELLE|La Rochelle, France|46.160329|-1.151139
1567|0|;2 RUE GEORGES MORVAN;17000;LA ROCHELLE|La Rochelle, France|46.160329|-1.151139
1568|0|;2 RUE ORADOUR SUR GLANE;17000;LA ROCHELLE|La Rochelle, France|46.160329|-1.151139
1569|0|;2,RUE LE LORRAIN;17000;LA ROCHELLE|La Rochelle, France|46.160329|-1.151139
1570|0|;20 RUE SIEGFRIED;17000;LA ROCHELLE|La Rochelle, France|46.160329|-1.151139
1571|0|;21 RUE DU CHEMIN VERT;17000;LA ROCHELLE|La Rochelle, France|46.160329|-1.151139
1572|0|;22 AVE DU CIMETIERE;17000;LA ROCHELLE|La Rochelle, France|46.160329|-1.151139
1573|0|;22 RUE BASSE DE ST ELOI;17000;LA ROCHELLE|La Rochelle, France|46.160329|-1.151139
1584|0|;237 AV CARNOT;17000;LA ROCHELLE|La Rochelle, France|46.160329|-1.151139
1585|0|;237 AV CARNOT;17000;LA ROCHELLE|La Rochelle, France|46.160329|-1.151139
1586|0|;237 AVENUE CARNOT;17000;LA ROCHELLE|La Rochelle, France|46.160329|-1.151139
1587|0|;24 IMPASSE DES CERISIERS;17000;LA ROCHELLE|La Rochelle, France|46.160329|-1.151139
1588|0|;24 RUE DE SUFRENNE;17000;LA ROCHELLE|La Rochelle, France|46.160329|-1.151139
1589|0|;24 RUE F DELMAS;17000;LA ROCHELLE|La Rochelle, France|46.160329|-1.151139
1590|0|;24 RUE LEO LAGRANGE;17000;LA ROCHELLE|La Rochelle, France|46.160329|-1.151139
1591|0|;24 RUE TROUSSIER;17000;LA ROCHELLE|La Rochelle, France|46.160329|-1.151139
1592|0|;26 RUE F DOLTO;17000;LA ROCHELLE|La Rochelle, France|46.160329|-1.151139
1603|0|;3 RUE DU CDT CALLOT;17000;LA ROCHELLE|La Rochelle, France|46.160329|-1.151139
1604|0|;3 RUE DU PETIT THOUARS;17000;LA ROCHELLE|La Rochelle, France|46.160329|-1.151139
1605|0|;3 RUE DU PRADO;17000;LA ROCHELLE|La Rochelle, France|46.160329|-1.151139
1606|0|;3 RUE DU RHONE;17000;LA ROCHELLE|La Rochelle, France|46.160329|-1.151139
1607|0|;3 RUE GEORGES TANQUEREY;17000;LA ROCHELLE|La Rochelle, France|46.160329|-1.151139
1608|0|;3 RUE JOACHIM DU BELLEY;17000;LA ROCHELLE|La Rochelle, France|46.160329|-1.151139
1609|0|;3 RUE ROBERT DESNOS;17000;LA ROCHELLE|La Rochelle, France|46.160329|-1.151139
1610|0|;3 SQUARE DE GASCOGNE;17000;LA ROCHELLE|La Rochelle, France|46.160329|-1.151139
1621|0|;32 RUE E LABICHE;17000;LA ROCHELLE|La Rochelle, France|46.160329|-1.151139
1622|0|;33 RUE EMILE COUNEAU C 323;17000;LA ROCHELLE|La Rochelle, France|46.160329|-1.151139
1623|0|;33 RUE EMILE COUNEAU C 323;17000;LA ROCHELLE|La Rochelle, France|46.160329|-1.151139
1624|0|;33 RUE NOTRE DAME;17000;LA ROCHELLE|La Rochelle, France|46.160329|-1.151139
1625|0|;33, RUE SAVARY;17000;LA ROCHELLE|La Rochelle, France|46.160329|-1.151139
1626|0|;34 BIS RUE DE LA MUSE;17000;LA ROCHELLE|La Rochelle, France|46.160329|-1.151139
1627|0|;34 RUE DES SPORTS;17000;LA ROCHELLE|La Rochelle, France|46.160329|-1.151139
1628|0|;35 AV BILLAUD VARENNE;17000;LA ROCHELLE|La Rochelle, France|46.160329|-1.151139
1629|0|;35 RUE ANNE-JOSEPHE THEROIGNE;17000;LA ROCHELLE|La Rochelle, France|46.160329|-1.151139
1630|0|;35 RUE DE BEL AIR;17000;LA ROCHELLE|La Rochelle, France|46.160329|-1.151139
1631|0|;35 RUE THEROIGNE DE MERICOURT;17000;LA ROCHELLE|La Rochelle, France|46.160329|-1.151139
1632|0|;36 RUE L MAILHO;17000;LA ROCHELLE|La Rochelle, France|46.160329|-1.151139
1633|0|;37 RUE LEON BLUM;17000;LA ROCHELLE|La Rochelle, France|46.160329|-1.151139
1634|0|;38 RUE DES HALLES;17000;LA ROCHELLE|La Rochelle, France|46.160329|-1.151139
1635|0|;38 RUE MONTMIRAIL;17000;LA ROCHELLE|La Rochelle, France|46.160329|-1.151139
1646|0|;4 RUE LEON JOUHAUX;17000;LA ROCHELLE|La Rochelle, France|46.160329|-1.151139
1647|0|;4 RUE LEONIE BATHIAT DIT ARLETTY;17000;LA ROCHELLE|La Rochelle, France|46.160329|-1.151139
1648|0|;4 RUE LEONIE BATHIAT DIT ARLETTY;17000;LA ROCHELLE|La Rochelle, France|46.160329|-1.151139
1649|0|;4 RUE LEONiIE BATHIAT DIT ARLETTY;17000;LA ROCHELLE|La Rochelle, France|46.160329|-1.151139
1650|0|;40 BIS RUE GUYNEMER;17000;LA ROCHELLE|La Rochelle, France|46.160329|-1.151139
1651|0|;40 RUE NORMANDIN;17000;LA ROCHELLE|La Rochelle, France|46.160329|-1.151139
1652|0|;40 RUE ROBERT DESNOS;17000;LA ROCHELLE|La Rochelle, France|46.160329|-1.151139
1653|0|;41 B AVENUE DU PT KENNEDY;91300;MASSY|La Rochelle, France|46.160329|-1.151139
1654|0|;43 RUE F DELMAS;17000;LA ROCHELLE|La Rochelle, France|46.160329|-1.151139
1655|0|;46 RUE TH BABUT;17000;LA ROCHELLE|La Rochelle, France|46.160329|-1.151139
1656|0|;47 AV DANTON;17000;LA ROCHELLE|La Rochelle, France|46.160329|-1.151139
1667|0|;5 RUE E BRANLY;17000;LA ROCHELLE|La Rochelle, France|46.160329|-1.151139
1668|0|;5 RUE G MUSSET;17000;LA ROCHELLE|La Rochelle, France|46.160329|-1.151139
1669|0|;5 RUE J INDEKEU;17000;LA ROCHELLE|La Rochelle, France|46.160329|-1.151139
1670|0|;5 RUE MIRABEAU;17000;LA ROCHELLE|La Rochelle, France|46.160329|-1.151139
1671|0|;5 RUE ORADOUR SUR GLANE;17000;LA ROCHELLE|La Rochelle, France|46.160329|-1.151139
1672|0|;5 SQUARE DE LA SOLIDARITE;17000;LA ROCHELLE|La Rochelle, France|46.160329|-1.151139
1673|0|;5 SQUARE DU HAVRE;17000;LA ROCHELLE|La Rochelle, France|46.160329|-1.151139
1674|0|;50 RUE ROBERT DESNOS;17000;LA ROCHELLE|La Rochelle, France|46.160329|-1.151139
1675|0|;50 RUE ROBERT DESNOS;17000;LA ROCHELLE|La Rochelle, France|46.160329|-1.151139
1676|0|;53 BIS RUE DES FRERES;17000;LA ROCHELLE|La Rochelle, France|46.160329|-1.151139
1677|0|;54 RUE DENIS PAPIN;17000;LA ROCHELLE|La Rochelle, France|46.160329|-1.151139
1678|0|;55 RUE DE LA TROMPETTE;17000;LA ROCHELLE|La Rochelle, France|46.160329|-1.151139
1679|0|;58 RUE REMPART ST CLAUDE;17000;LA ROCHELLE|La Rochelle, France|46.160329|-1.151139
1680|0|;58 RUE REMPART ST CLAUDE;17000;LA ROCHELLE|La Rochelle, France|46.160329|-1.151139
1681|0|;6 QUAI DE MARANS;17000;LA ROCHELLE|La Rochelle, France|46.160329|-1.151139
1692|0|;63 TER AVENUE EDMOND GRASSET;17000;LA ROCHELLE|La Rochelle, France|46.160329|-1.151139
1693|0|;66 RUE DES MATHIAS;17000;LA ROCHELLE|La Rochelle, France|46.160329|-1.151139
1694|0|;67 RUE DES FRENES;17000;LA ROCHELLE|La Rochelle, France|46.160329|-1.151139
1695|0|;7 ALLEE DE BRUXELLES;17000;LA ROCHELLE|La Rochelle, France|46.160329|-1.151139
1696|0|;7 AVENUE DES AMERIQUES;17000;LA ROCHELLE|La Rochelle, France|46.160329|-1.151139
1697|0|;7 IMP.DE L'HERMITAGE;17000;LA ROCHELLE|La Rochelle, France|46.160329|-1.151139
1698|0|;7 RUE DU DUC;17000;LA ROCHELLE|La Rochelle, France|46.160329|-1.151139
1699|0|;7 RUE G MORVAN;17000;LA ROCHELLE|La Rochelle, France|46.160329|-1.151139
1715|0|;8 RUE RENE MICHAUD;17000;LA ROCHELLE|La Rochelle, France|46.160329|-1.151139
1716|0|;8 RUE RENEE MICHAUD;17000;LA ROCHELLE|La Rochelle, France|46.160329|-1.151139
1717|0|;8 RUE ROBERT DESNOS;17000;LA ROCHELLE|La Rochelle, France|46.160329|-1.151139
1718|0|;8 RUE ROBERT DESNOS;17000;LA ROCHELLE|La Rochelle, France|46.160329|-1.151139
1719|0|;8 RUE S. DE BEAUVOIR APPT 372;17000;LA ROCHELLE|La Rochelle, France|46.160329|-1.151139
1720|0|;8 RUE SURCOUF;17000;LA ROCHELLE|La Rochelle, France|46.160329|-1.151139
1721|0|;8 RUE THEROIGNE DE MERICOURT;17000;LA ROCHELLE|La Rochelle, France|46.160329|-1.151139
1722|0|;8 RUE THEROIGNE DE MERICOURT;17000;LA ROCHELLE|La Rochelle, France|46.160329|-1.151139
1723|0|;82 RUE DES MATHIAS;17000;LA ROCHELLE|La Rochelle, France|46.160329|-1.151139
1724|0|;82 RUE DES MATHIAS;17000;LA ROCHELLE|La Rochelle, France|46.160329|-1.151139
1725|0|;87 AV COLIGNY;17000;LA ROCHELLE|La Rochelle, France|46.160329|-1.151139
1726|0|;9 BIS COURS L GUILLET;17000;LA ROCHELLE|La Rochelle, France|46.160329|-1.151139
1727|0|;9 RUE CHADEAU DE LA CLOCHETERIE;17000;LA ROCHELLE|La Rochelle, France|46.160329|-1.151139
1728|0|;9 RUE DE LA FRANCINE;17000;LA ROCHELLE|La Rochelle, France|46.160329|-1.151139
1729|0|;9 RUE DES BRUYERES;17000;LA ROCHELLE|La Rochelle, France|46.160329|-1.151139
1730|0|;9 RUE FERRE;17000;LA ROCHELLE|La Rochelle, France|46.160329|-1.151139
1731|0|;9 RUE GEORGES MORVAN;17000;LA ROCHELLE|La Rochelle, France|46.160329|-1.151139
1732|0|;9 RUE GEORGES MORVAN;17000;LA ROCHELLE|La Rochelle, France|46.160329|-1.151139
1733|0|;91 AVE POINCARE;17000;LA ROCHELLE|La Rochelle, France|46.160329|-1.151139
1734|0|;ALLEES DE BRUXELLES;17000;LA ROCHELLE|La Rochelle, France|46.160329|-1.151139
1735|0|1;RUE CAMILLE DES MOULINS;17000;LA ROCHELLE|La Rochelle, France|46.160329|-1.151139
1746|0|;LE BAS PAMPIN;17000;LA ROCHELLE|La Rochelle, France|46.160329|-1.151139
1747|0|;LE BAS PAMPIN;17000;LA ROCHELLE|La Rochelle, France|46.160329|-1.151139
1748|0|;AVENE JEAN MONNET;17000;LA ROCHELLE|La Rochelle, France|46.160329|-1.151139
1749|0|;6 RUE G. MUSSET;17000;LA ROCHELLE|La Rochelle, France|46.160329|-1.151139
1750|0|;14 RUE DE MISSY;17000;LA ROCHELLE|La Rochelle, France|46.160329|-1.151139
1751|0|;RUE DU LYONNAIS;17000;LA ROCHELLE|La Rochelle, France|46.160329|-1.151139
1752|0|;RUE DU LYONNAIS;17000;LA ROCHELLE|La Rochelle, France|46.160329|-1.151139
1753|0|;RUE J-P. BLANCHARD;17000;LA ROCHELLE|La Rochelle, France|46.160329|-1.151139
